,Price,Age,KM,FuelType,HP,MetColor,Automatic,CC,Doors,Weight,AutoType,MetColorType
1,13500,23,46986,Diesel,90,1,0,2000,3,1165,Manual,Metcolor
2,13750,23,72937,Diesel,90,1,0,2000,3,1165,Manual,Metcolor
3,13950,24,41711,Diesel,90,1,0,2000,3,1165,Manual,Metcolor
4,14950,26,48000,Diesel,90,0,0,2000,3,1165,Manual,NonMetcolor
5,13750,30,38500,Diesel,90,0,0,2000,3,1170,Manual,NonMetcolor
6,12950,32,61000,Diesel,90,0,0,2000,3,1170,Manual,NonMetcolor
7,16900,27,94612,Diesel,90,1,0,2000,3,1245,Manual,Metcolor
8,18600,30,75889,Diesel,90,1,0,2000,3,1245,Manual,Metcolor
9,21500,27,19700,Petrol,192,0,0,1800,3,1185,Manual,NonMetcolor
10,12950,23,71138,Diesel,69,0,0,1900,3,1105,Manual,NonMetcolor
11,20950,25,31461,Petrol,192,0,0,1800,3,1185,Manual,NonMetcolor
12,19950,22,43610,Petrol,192,0,0,1800,3,1185,Manual,NonMetcolor
13,19600,25,32189,Petrol,192,0,0,1800,3,1185,Manual,NonMetcolor
14,21500,31,23000,Petrol,192,1,0,1800,3,1185,Manual,Metcolor
15,22500,32,34131,Petrol,192,1,0,1800,3,1185,Manual,Metcolor
16,22000,28,18739,Petrol,192,0,0,1800,3,1185,Manual,NonMetcolor
17,22750,30,34000,Petrol,192,1,0,1800,3,1185,Manual,Metcolor
18,17950,24,21716,Petrol,110,1,0,1600,3,1105,Manual,Metcolor
19,16750,24,25563,Petrol,110,0,0,1600,3,1065,Manual,NonMetcolor
20,16950,30,64359,Petrol,110,1,0,1600,3,1105,Manual,Metcolor
21,15950,30,67660,Petrol,110,1,0,1600,3,1105,Manual,Metcolor
22,16950,29,43905,Petrol,110,0,1,1600,3,1170,Auto,NonMetcolor
23,15950,28,56349,Petrol,110,1,0,1600,3,1120,Manual,Metcolor
24,16950,28,32220,Petrol,110,1,0,1600,3,1120,Manual,Metcolor
25,16250,29,25813,Petrol,110,1,0,1600,3,1120,Manual,Metcolor
26,15950,25,28450,Petrol,110,1,0,1600,3,1120,Manual,Metcolor
27,17495,27,34545,Petrol,110,1,0,1600,3,1120,Manual,Metcolor
28,15750,29,41415,Petrol,110,1,0,1600,3,1120,Manual,Metcolor
29,16950,28,44142,Petrol,110,0,0,1600,3,1120,Manual,NonMetcolor
30,17950,30,11090,Petrol,110,1,0,1600,3,1120,Manual,Metcolor
31,12950,29,9750,Petrol,97,1,0,1400,3,1100,Manual,Metcolor
32,15750,22,35199,Petrol,97,1,0,1400,3,1100,Manual,Metcolor
33,15950,27,29510,Petrol,97,1,0,1400,3,1100,Manual,Metcolor
34,14950,26,32692,Petrol,97,1,0,1400,3,1100,Manual,Metcolor
35,15500,22,41000,Petrol,97,1,0,1400,3,1100,Manual,Metcolor
36,15750,26,43000,Petrol,97,0,0,1400,3,1100,Manual,NonMetcolor
37,15950,25,25000,Petrol,97,0,0,1400,3,1100,Manual,NonMetcolor
38,14950,23,10000,Petrol,97,1,0,1400,3,1100,Manual,Metcolor
39,15750,32,25329,Petrol,97,1,0,1400,3,1100,Manual,Metcolor
40,14750,27,27500,Petrol,97,0,0,1400,3,1100,Manual,NonMetcolor
41,13950,22,49059,Petrol,97,0,0,1400,3,1100,Manual,NonMetcolor
42,16750,27,44068,Petrol,97,1,0,1400,3,1100,Manual,Metcolor
43,13950,22,46961,Petrol,97,0,0,1400,3,1100,Manual,NonMetcolor
44,16950,27,110404,Diesel,90,0,0,2000,5,1255,Manual,NonMetcolor
45,16950,22,100250,Diesel,90,0,0,2000,5,1255,Manual,NonMetcolor
46,19000,23,84000,Diesel,90,0,0,2000,5,1270,Manual,NonMetcolor
47,17950,27,79375,Diesel,90,1,0,2000,5,1255,Manual,Metcolor
48,15800,22,75048,Petrol,97,1,0,1400,5,1110,Manual,Metcolor
49,17950,22,72215,Diesel,90,1,0,2000,5,1255,Manual,Metcolor
50,21950,31,64982,Petrol,192,1,0,1800,5,1195,Manual,Metcolor
51,17950,22,62636,Diesel,90,1,0,2000,5,1255,Manual,Metcolor
52,15750,30,57086,Petrol,97,1,0,1400,5,1110,Manual,Metcolor
53,20500,26,56000,Petrol,110,1,1,1600,5,1180,Auto,Metcolor
54,21950,27,49866,Petrol,192,1,0,1800,5,1195,Manual,Metcolor
55,15500,25,49163,Petrol,110,0,1,1600,5,1165,Auto,NonMetcolor
56,13250,32,45725,Petrol,110,1,0,1600,5,1075,Manual,Metcolor
57,15250,28,43210,Petrol,97,0,0,1400,5,1110,Manual,NonMetcolor
58,15250,26,43000,Petrol,97,0,0,1400,5,1110,Manual,NonMetcolor
59,18950,23,39704,Petrol,110,1,1,1600,5,1180,Auto,Metcolor
60,15999,30,38950,Petrol,110,1,0,1600,5,1130,Manual,Metcolor
61,14950,22,37400,Petrol,97,1,0,1400,5,1110,Manual,Metcolor
62,16500,27,37177,Petrol,110,0,0,1600,5,1130,Manual,NonMetcolor
63,18750,31,36544,Petrol,110,1,0,1600,5,1130,Manual,Metcolor
64,17950,30,33511,Petrol,110,1,0,1600,5,1130,Manual,Metcolor
65,17950,27,32809,Petrol,97,1,0,1400,5,1110,Manual,Metcolor
66,16950,26,32181,Petrol,110,1,0,1600,5,1075,Manual,Metcolor
67,18950,28,30993,Petrol,110,1,0,1600,5,1130,Manual,Metcolor
68,14950,22,30400,Petrol,97,1,0,1400,5,1110,Manual,Metcolor
69,22250,22,30000,Diesel,110,1,0,2000,5,1275,Manual,Metcolor
70,15950,25,29719,Petrol,97,1,0,1400,5,1110,Manual,Metcolor
71,15950,28,29206,Petrol,97,1,0,1400,5,1110,Manual,Metcolor
72,12995,32,29198,Petrol,97,1,0,1400,5,1060,Manual,Metcolor
73,18950,28,28817,Petrol,110,1,0,1598,5,1130,Manual,Metcolor
74,15750,23,28227,Petrol,97,1,0,1400,5,1110,Manual,Metcolor
75,19950,28,28000,Petrol,110,0,0,1600,5,1130,Manual,NonMetcolor
76,16950,23,28000,Petrol,110,1,0,1600,5,1115,Manual,Metcolor
77,18750,31,25266,Petrol,110,1,0,1600,5,1130,Manual,Metcolor
78,18450,27,23489,Petrol,110,0,0,1600,5,1115,Manual,NonMetcolor
79,16895,29,22575,Petrol,110,1,0,1600,5,1115,Manual,Metcolor
80,14900,30,22000,Petrol,97,1,0,1400,5,1110,Manual,Metcolor
81,18950,25,20019,Petrol,110,1,1,1600,5,1180,Auto,Metcolor
82,17250,29,20000,Petrol,110,1,0,1600,5,1115,Manual,Metcolor
83,15450,25,17003,Petrol,97,1,0,1400,5,1110,Manual,Metcolor
84,17950,31,16238,Petrol,110,1,1,1600,5,1180,Auto,Metcolor
85,16650,25,15414,Petrol,97,1,0,1400,5,1110,Manual,Metcolor
86,17450,28,8537,Petrol,110,1,0,1600,5,1130,Manual,Metcolor
87,14900,30,7000,Petrol,97,1,0,1400,5,1100,Manual,Metcolor
88,17950,20,66966,Diesel,90,1,0,2000,3,1245,Manual,Metcolor
89,15950,19,51884,Petrol,97,1,0,1400,3,1100,Manual,Metcolor
90,21950,19,50005,Diesel,110,1,0,2000,3,1265,Manual,Metcolor
91,16450,20,48110,Petrol,97,1,0,1400,3,1100,Manual,Metcolor
92,22250,20,37500,Diesel,90,1,0,2000,3,1260,Manual,Metcolor
93,19950,16,34472,Diesel,90,1,0,1995,3,1260,Manual,Metcolor
94,15950,20,33329,Petrol,97,1,0,1400,3,1100,Manual,Metcolor
95,18900,20,31850,Petrol,110,0,0,1600,3,1120,Manual,NonMetcolor
96,19950,17,30351,Diesel,90,1,0,1995,3,1260,Manual,Metcolor
97,15950,19,29435,Petrol,97,1,0,1400,3,1100,Manual,Metcolor
98,15950,19,25948,Petrol,97,1,0,1400,3,1100,Manual,Metcolor
99,18750,11,24500,Petrol,110,1,0,1600,3,1120,Manual,Metcolor
100,17450,18,23902,Petrol,97,1,0,1400,3,1100,Manual,Metcolor
101,18990,20,23175,Petrol,110,1,0,1600,3,1120,Manual,Metcolor
102,16250,19,19200,Petrol,97,1,0,1400,3,1100,Manual,Metcolor
103,18500,13,18000,Petrol,71,0,0,1400,3,1125,Manual,NonMetcolor
104,18500,11,16123,Petrol,110,1,0,1600,3,1105,Manual,Metcolor
105,19450,11,14635,Petrol,110,1,1,1600,3,1155,Auto,Metcolor
106,16950,19,13748,Petrol,97,1,0,1400,3,1100,Manual,Metcolor
107,18800,14,11500,Petrol,110,1,0,1600,3,1045,Manual,Metcolor
108,17450,17,10000,Petrol,97,1,0,1400,3,1100,Manual,Metcolor
109,17950,20,7187,Petrol,110,1,0,1600,3,1105,Manual,Metcolor
110,32500,4,1,Diesel,116,0,0,2000,5,1480,Manual,NonMetcolor
111,31000,4,4000,Diesel,116,1,0,2000,5,1480,Manual,Metcolor
112,31275,4,1500,Diesel,116,1,0,2000,5,1480,Manual,Metcolor
113,24950,8,13253,Diesel,116,1,0,2000,5,1320,Manual,Metcolor
114,24950,8,13253,Diesel,116,1,0,2000,5,1320,Manual,Metcolor
115,22950,7,10000,Diesel,116,1,0,2000,5,1270,Manual,Metcolor
116,24990,8,6000,Diesel,90,1,0,2000,5,1280,Manual,Metcolor
117,21950,8,10841,Diesel,90,1,0,2000,5,1270,Manual,Metcolor
118,17900,7,1,Petrol,110,1,0,1600,3,1105,Manual,Metcolor
119,19250,20,63000,Diesel,90,1,0,2000,5,1255,Manual,Metcolor
120,22250,17,57313,Diesel,110,1,0,2000,5,1275,Manual,Metcolor
121,18950,13,57037,Petrol,110,0,0,1600,5,1115,Manual,NonMetcolor
122,19950,19,51099,Diesel,90,1,0,2000,5,1255,Manual,Metcolor
123,16350,14,40010,Petrol,110,1,0,1600,5,1115,Manual,Metcolor
124,18950,20,39115,Petrol,110,1,0,1600,5,1130,Manual,Metcolor
125,16950,17,36012,Petrol,110,0,0,1600,5,1130,Manual,NonMetcolor
126,21750,16,36000,Petrol,110,1,0,1600,5,1130,Manual,Metcolor
127,15950,20,36000,Petrol,110,1,0,1600,5,1075,Manual,Metcolor
128,16500,20,35000,Petrol,97,1,0,1400,5,1110,Manual,Metcolor
129,17950,17,33740,Petrol,97,1,0,1400,5,1135,Manual,Metcolor
130,15850,13,33477,Petrol,110,1,0,1600,5,1075,Manual,Metcolor
131,16250,20,32627,Petrol,97,1,0,1400,5,1110,Manual,Metcolor
132,15950,20,29797,Petrol,97,1,0,1400,5,1110,Manual,Metcolor
133,16250,19,29441,Petrol,97,1,0,1400,5,1110,Manual,Metcolor
134,15950,13,29371,Petrol,110,1,0,1600,4,1105,Manual,Metcolor
135,16500,20,29000,Petrol,97,0,0,1400,5,1110,Manual,NonMetcolor
136,16500,19,27821,Petrol,97,0,0,1400,5,1110,Manual,NonMetcolor
137,18450,19,27371,Petrol,97,0,0,1400,5,1135,Manual,NonMetcolor
138,16250,13,25170,Petrol,110,1,0,1600,5,1105,Manual,Metcolor
139,23000,11,25000,Diesel,116,1,0,2000,5,1320,Manual,Metcolor
140,19900,20,23000,Petrol,110,1,0,1600,5,1130,Manual,Metcolor
141,16450,20,22588,Petrol,97,1,0,1400,5,1110,Manual,Metcolor
142,23950,19,21684,Petrol,192,1,0,1800,5,1185,Manual,Metcolor
143,19950,13,21428,Petrol,110,1,0,1600,5,1130,Manual,Metcolor
144,18500,16,20629,Petrol,110,1,0,1600,4,1090,Manual,Metcolor
145,18950,15,20270,Petrol,110,1,0,1600,5,1130,Manual,Metcolor
146,16450,16,20105,Petrol,97,0,0,1400,5,1110,Manual,NonMetcolor
147,20500,20,20000,Petrol,110,0,1,1600,5,1165,Auto,NonMetcolor
148,24500,13,19988,Petrol,110,1,0,1600,5,1130,Manual,Metcolor
149,19450,19,18328,Petrol,110,0,0,1600,5,1130,Manual,NonMetcolor
150,20950,14,17896,Petrol,110,1,1,1600,4,1150,Auto,Metcolor
151,17200,20,17300,Petrol,97,1,0,1400,5,1110,Manual,Metcolor
152,19950,19,17038,Petrol,110,0,0,1600,5,1130,Manual,NonMetcolor
153,18450,10,13747,Petrol,97,1,0,1400,5,1110,Manual,Metcolor
154,19500,12,13634,Petrol,110,1,0,1600,5,1115,Manual,Metcolor
155,21750,13,13178,Petrol,110,1,0,1600,5,1130,Manual,Metcolor
156,16868,15,13157,Petrol,97,1,0,1400,4,1085,Manual,Metcolor
157,19500,16,13000,Petrol,110,1,0,1600,4,1105,Manual,Metcolor
158,18900,11,12500,Petrol,110,1,0,1600,5,1115,Manual,Metcolor
159,19750,17,11999,Petrol,110,1,0,1600,5,1130,Manual,Metcolor
160,19750,16,11754,Petrol,110,0,1,1600,5,1180,Auto,NonMetcolor
161,18950,16,11000,Petrol,110,1,0,1600,4,1105,Manual,Metcolor
162,20750,17,10000,Petrol,110,0,0,1598,5,1105,Manual,NonMetcolor
163,19600,9,7650,Petrol,110,1,0,1600,5,1115,Manual,Metcolor
164,19500,14,6500,Petrol,110,1,0,1600,4,1100,Manual,Metcolor
165,17650,11,6155,Petrol,97,1,0,1400,5,1110,Manual,Metcolor
166,19950,14,6000,Petrol,110,0,0,1600,5,1130,Manual,NonMetcolor
167,19950,14,5459,Petrol,110,1,0,1600,5,1130,Manual,Metcolor
168,20950,14,5278,Petrol,110,1,1,1600,4,1150,Auto,Metcolor
169,20500,12,5000,Petrol,110,1,0,1600,5,1130,Manual,Metcolor
170,17795,9,1,Petrol,98,1,0,1400,4,1065,Manual,Metcolor
171,18245,9,1,Petrol,110,1,0,1600,5,1075,Manual,Metcolor
172,23750,8,11000,Petrol,110,1,0,1600,5,1130,Manual,Metcolor
173,19500,8,10077,Petrol,97,1,0,1400,5,1110,Manual,Metcolor
174,18950,8,10000,Petrol,97,1,0,1400,5,1110,Manual,Metcolor
175,21950,8,9788,Petrol,110,1,0,1600,5,1130,Manual,Metcolor
176,19950,8,8574,Petrol,110,1,0,1600,5,1130,Manual,Metcolor
177,18950,8,7000,Petrol,110,0,0,1600,5,1115,Manual,NonMetcolor
178,19950,7,6250,Petrol,110,1,0,1600,5,1115,Manual,Metcolor
179,21950,8,5000,Petrol,110,1,0,1600,5,1130,Manual,Metcolor
180,22500,6,3000,Petrol,110,0,0,1600,5,1130,Manual,NonMetcolor
181,18500,7,2000,Petrol,110,0,0,1600,5,1075,Manual,NonMetcolor
182,18700,7,450,Petrol,97,1,0,1400,5,1110,Manual,Metcolor
183,21125,2,225,Petrol,97,1,0,1400,5,1110,Manual,Metcolor
184,21500,2,15,Petrol,110,1,0,1600,5,1130,Manual,Metcolor
185,17795,1,1,Petrol,98,1,0,1400,4,1100,Manual,Metcolor
186,18245,1,1,Petrol,110,1,0,1600,5,1075,Manual,Metcolor
187,6950,43,243000,Diesel,69,0,0,1900,3,1110,Manual,NonMetcolor
188,9500,38,180638,Diesel,90,0,0,2000,4,1160,Manual,NonMetcolor
189,11950,40,179860,Diesel,90,1,0,2000,5,1205,Manual,Metcolor
190,7750,43,178858,CNG,110,0,0,1600,3,1084,Manual,NonMetcolor
191,11950,40,161000,Diesel,69,1,0,1900,3,1105,Manual,Metcolor
192,4350,44,158320,Diesel,69,0,0,1800,5,1110,Manual,NonMetcolor
193,4750,44,131273,Diesel,69,1,0,1800,5,1110,Manual,Metcolor
194,11750,40,130062,Diesel,69,1,0,1900,5,1140,Manual,Metcolor
195,13250,41,123425,Diesel,69,1,0,1900,5,1140,Manual,Metcolor
196,11950,37,118217,Petrol,110,1,0,1600,5,1075,Manual,Metcolor
197,11900,44,110000,Diesel,69,1,0,1900,5,1095,Manual,Metcolor
198,14750,39,108847,Diesel,90,1,0,2000,5,1205,Manual,Metcolor
199,9950,42,105699,Petrol,97,1,0,1400,3,1025,Manual,Metcolor
200,11950,39,98823,CNG,110,1,0,1600,5,1119,Manual,Metcolor
201,11495,44,96829,Petrol,110,1,0,1600,5,1075,Manual,Metcolor
202,11250,40,96518,Petrol,97,1,0,1400,3,1025,Manual,Metcolor
203,10500,42,92204,Petrol,110,1,0,1600,5,1075,Manual,Metcolor
204,10450,35,91456,Diesel,69,1,0,1900,3,1110,Manual,Metcolor
205,12950,43,89968,Diesel,69,1,0,1900,5,1140,Manual,Metcolor
206,11500,44,89757,Petrol,110,1,0,1600,3,1045,Manual,Metcolor
207,12500,40,85389,Petrol,110,1,0,1600,5,1075,Manual,Metcolor
208,10950,43,85017,Petrol,97,0,0,1400,5,1060,Manual,NonMetcolor
209,11450,41,84312,Petrol,110,0,0,1600,5,1080,Manual,NonMetcolor
210,11950,37,82743,CNG,110,1,0,1600,5,1121,Manual,Metcolor
211,13250,41,81106,Diesel,69,1,0,1900,5,1140,Manual,Metcolor
212,14750,40,80425,Diesel,90,1,0,2000,5,1205,Manual,Metcolor
213,11790,34,78677,Petrol,110,1,1,1600,5,1105,Auto,Metcolor
214,11450,40,78425,Petrol,110,1,0,1600,5,1075,Manual,Metcolor
215,13500,33,78108,Diesel,90,1,0,2000,3,1170,Manual,Metcolor
216,10950,33,77321,Petrol,110,1,0,1600,5,1075,Manual,Metcolor
217,13500,33,75699,Diesel,69,0,0,1900,3,1105,Manual,NonMetcolor
218,10950,41,75697,Petrol,97,1,0,1400,3,1025,Manual,Metcolor
219,10950,44,74846,Petrol,97,1,0,1400,3,1025,Manual,Metcolor
220,12950,38,74319,Petrol,110,1,0,1600,5,1075,Manual,Metcolor
221,11950,43,74285,Petrol,110,1,0,1600,5,1075,Manual,Metcolor
222,12450,44,74172,Petrol,110,1,0,1600,5,1615,Manual,Metcolor
223,11950,40,73042,Petrol,110,1,0,1598,5,1075,Manual,Metcolor
224,14950,44,71793,CNG,110,1,0,1600,4,1067,Manual,Metcolor
225,12450,35,71200,Petrol,110,1,0,1600,5,1075,Manual,Metcolor
226,12950,38,67805,Petrol,110,1,0,1600,5,1075,Manual,Metcolor
227,11950,35,65988,Petrol,110,1,0,1600,3,1040,Manual,Metcolor
228,11690,34,65345,Petrol,97,1,0,1400,5,1060,Manual,Metcolor
229,12450,42,64564,Petrol,110,1,0,1600,5,1080,Manual,Metcolor
230,12750,36,63459,Petrol,97,1,0,1400,5,1060,Manual,Metcolor
231,11925,44,63451,Petrol,97,0,0,1400,3,1025,Manual,NonMetcolor
232,12950,33,62000,Petrol,110,1,0,1600,5,1075,Manual,Metcolor
233,11950,42,61300,Petrol,97,1,0,1400,3,1030,Manual,Metcolor
234,12900,41,61200,Petrol,110,1,0,1600,3,1045,Manual,Metcolor
235,11900,41,61000,Petrol,110,0,0,1600,5,1075,Manual,NonMetcolor
236,11650,38,60829,Petrol,110,1,0,1600,5,1075,Manual,Metcolor
237,10950,44,60500,Petrol,110,0,0,1600,5,1075,Manual,NonMetcolor
238,13950,35,59500,Diesel,69,1,0,1900,3,1110,Manual,Metcolor
239,13950,44,59000,Petrol,110,0,1,1600,5,1110,Auto,NonMetcolor
240,11950,40,58954,Petrol,110,1,0,1600,5,1080,Manual,Metcolor
241,10950,38,58798,Petrol,110,1,0,1600,5,1075,Manual,Metcolor
242,12450,38,58363,Petrol,110,1,0,1600,3,1055,Manual,Metcolor
243,11950,43,58277,Petrol,110,1,0,1600,3,1045,Manual,Metcolor
244,13500,33,57711,Diesel,90,1,0,2000,3,1165,Manual,Metcolor
245,11690,33,57269,Petrol,110,1,0,1600,5,1075,Manual,Metcolor
246,13500,39,56001,Petrol,110,1,0,1600,5,1075,Manual,Metcolor
247,11950,42,55968,Petrol,110,0,0,1600,3,1050,Manual,NonMetcolor
248,12900,39,55678,Petrol,110,1,0,1600,4,1030,Manual,Metcolor
249,13500,43,55539,Petrol,110,1,0,1600,5,1085,Manual,Metcolor
250,11750,42,55400,Petrol,110,0,0,1600,5,1075,Manual,NonMetcolor
251,11750,33,55350,Petrol,110,0,0,1600,5,1075,Manual,NonMetcolor
252,10850,43,54600,Petrol,110,0,0,1600,4,1030,Manual,NonMetcolor
253,11750,43,53773,Petrol,110,1,0,1600,5,1075,Manual,Metcolor
254,14950,42,53719,Petrol,110,1,1,1600,5,1105,Auto,Metcolor
255,9940,39,53644,Petrol,110,1,0,1600,5,1075,Manual,Metcolor
256,12900,42,53350,Petrol,110,0,0,1600,5,1075,Manual,NonMetcolor
257,13500,38,53000,Petrol,110,1,0,1600,5,1075,Manual,Metcolor
258,11750,44,52084,Petrol,97,1,0,1400,3,1025,Manual,Metcolor
259,11950,44,52000,Petrol,97,0,0,1400,3,1025,Manual,NonMetcolor
260,13450,33,51945,Petrol,110,1,0,1600,5,1075,Manual,Metcolor
261,11950,41,51732,Petrol,97,1,0,1400,3,1025,Manual,Metcolor
262,12495,39,50873,Petrol,110,1,0,1600,5,1075,Manual,Metcolor
263,13500,41,50856,Petrol,110,0,0,1600,4,1030,Manual,NonMetcolor
264,12750,40,50640,Petrol,110,1,0,1600,5,1075,Manual,Metcolor
265,12000,39,50000,Petrol,97,1,0,1400,5,1060,Manual,Metcolor
266,11950,38,49500,Petrol,110,1,0,1600,5,1075,Manual,Metcolor
267,12495,44,49332,Petrol,110,1,0,1600,5,1080,Manual,Metcolor
268,12450,34,49291,Petrol,110,1,0,1600,3,1040,Manual,Metcolor
269,14750,40,48952,Diesel,90,1,0,2000,5,1205,Manual,Metcolor
270,10950,39,48945,Petrol,110,0,0,1600,3,1040,Manual,NonMetcolor
271,13500,33,48928,Diesel,69,1,0,1900,3,1105,Manual,Metcolor
272,12950,38,48197,Petrol,110,1,0,1600,5,1075,Manual,Metcolor
273,13500,35,48052,Diesel,69,1,0,1900,3,1105,Manual,Metcolor
274,13450,34,48011,Petrol,110,1,0,1600,4,1030,Manual,Metcolor
275,13500,43,48000,Petrol,110,1,0,1600,5,1075,Manual,Metcolor
276,11480,41,47350,Petrol,110,1,0,1600,5,1075,Manual,Metcolor
277,13450,39,46821,Petrol,97,1,0,1400,5,1060,Manual,Metcolor
278,11495,39,46694,Petrol,110,0,0,1600,3,1040,Manual,NonMetcolor
279,12750,43,46515,Petrol,97,0,0,1400,5,1025,Manual,NonMetcolor
280,14990,38,46327,Petrol,110,1,0,1600,3,1055,Manual,Metcolor
281,12950,35,46304,Petrol,97,1,0,1400,5,1060,Manual,Metcolor
282,12950,40,45886,Petrol,110,1,0,1600,5,1080,Manual,Metcolor
283,12850,39,45713,Petrol,97,1,0,1400,5,1085,Manual,Metcolor
284,13950,40,45600,Petrol,110,1,1,1600,5,1105,Auto,Metcolor
285,11950,41,45287,Petrol,110,1,0,1600,5,1075,Manual,Metcolor
286,12950,39,45081,Petrol,110,1,0,1600,5,1075,Manual,Metcolor
287,11700,40,44830,Petrol,110,1,0,1600,5,1075,Manual,Metcolor
288,9950,37,44757,Petrol,97,0,0,1400,3,1025,Manual,NonMetcolor
289,11895,44,44218,Petrol,97,1,0,1400,5,1060,Manual,Metcolor
290,12950,43,43632,Petrol,110,1,0,1600,5,1075,Manual,Metcolor
291,12500,36,43427,Petrol,110,1,0,1600,3,1040,Manual,Metcolor
292,13875,39,43254,Petrol,110,1,0,1600,5,1075,Manual,Metcolor
293,10500,35,43000,Petrol,110,0,0,1600,3,1050,Manual,NonMetcolor
294,12295,33,42823,Petrol,110,1,0,1600,5,1075,Manual,Metcolor
295,13950,42,42560,Petrol,110,1,0,1600,5,1080,Manual,Metcolor
296,10950,38,41754,Petrol,110,0,0,1600,3,1040,Manual,NonMetcolor
297,12950,44,41499,CNG,110,1,0,1600,5,1103,Manual,Metcolor
298,12850,40,41339,Petrol,110,1,0,1600,5,1080,Manual,Metcolor
299,13995,35,41000,Petrol,110,1,0,1600,5,1075,Manual,Metcolor
300,13750,39,40000,Petrol,110,1,0,1600,3,1055,Manual,Metcolor
301,12750,37,39757,Petrol,110,1,0,1600,5,1075,Manual,Metcolor
302,12500,41,39659,Petrol,110,1,0,1600,3,1045,Manual,Metcolor
303,13950,43,39650,Petrol,110,0,0,1600,3,1055,Manual,NonMetcolor
304,11500,39,39524,Petrol,97,1,0,1398,3,1025,Manual,Metcolor
305,13950,44,39516,Petrol,97,1,0,1400,5,1060,Manual,Metcolor
306,11895,41,39439,Petrol,97,0,0,1400,5,1060,Manual,NonMetcolor
307,9950,44,39000,Petrol,97,1,0,1400,3,1025,Manual,Metcolor
308,13500,42,38932,Petrol,110,1,0,1600,3,1040,Manual,Metcolor
309,11450,37,38812,Petrol,97,0,0,1400,3,1025,Manual,NonMetcolor
310,12450,42,38665,Petrol,110,1,0,1600,5,1075,Manual,Metcolor
311,12950,40,38653,Petrol,110,1,0,1600,5,1080,Manual,Metcolor
312,13995,44,38461,Petrol,110,1,0,1600,5,1080,Manual,Metcolor
313,11750,42,38078,Petrol,97,0,0,1400,3,1025,Manual,NonMetcolor
314,11650,39,37782,Petrol,97,1,0,1400,5,1060,Manual,Metcolor
315,9950,43,37576,Petrol,97,0,0,1400,3,1030,Manual,NonMetcolor
316,13950,41,37533,Petrol,110,1,0,1600,5,1075,Manual,Metcolor
317,12950,44,37389,Petrol,110,1,0,1600,5,1080,Manual,Metcolor
318,10950,38,37320,Petrol,97,1,0,1400,3,1025,Manual,Metcolor
319,9900,42,37000,Petrol,97,1,0,1400,3,1025,Manual,Metcolor
320,11950,44,37000,Petrol,110,0,0,1600,4,1075,Manual,NonMetcolor
321,11990,40,36566,Petrol,110,0,0,1600,5,1090,Manual,NonMetcolor
322,10750,36,36269,Petrol,110,1,0,1600,5,1075,Manual,Metcolor
323,13950,37,36074,Petrol,110,1,1,1600,5,1075,Auto,Metcolor
324,11250,44,36066,Petrol,110,1,0,1600,3,1040,Manual,Metcolor
325,12950,39,34599,Petrol,110,1,0,1600,5,1075,Manual,Metcolor
326,11950,41,34000,Petrol,110,1,0,1600,5,1075,Manual,Metcolor
327,10950,42,33623,Petrol,97,1,0,1400,3,1025,Manual,Metcolor
328,12950,33,33591,Petrol,110,1,0,1600,5,1075,Manual,Metcolor
329,12950,35,33258,Petrol,110,1,0,1600,5,1075,Manual,Metcolor
330,11695,43,33113,Petrol,110,1,0,1600,5,1075,Manual,Metcolor
331,11000,41,33000,Petrol,110,1,1,1600,5,1075,Auto,Metcolor
332,13950,35,32941,Petrol,110,1,0,1600,5,1080,Manual,Metcolor
333,11950,38,32781,Petrol,110,0,0,1600,5,1075,Manual,NonMetcolor
334,11750,40,32532,Petrol,110,1,0,1600,3,1040,Manual,Metcolor
335,12400,34,32431,Petrol,97,1,0,1400,5,1060,Manual,Metcolor
336,12500,35,32000,Petrol,110,0,0,1600,3,1040,Manual,NonMetcolor
337,12900,33,31000,Petrol,110,1,0,1600,5,1075,Manual,Metcolor
338,12200,41,30989,Petrol,110,0,0,1600,3,1045,Manual,NonMetcolor
339,12750,43,30742,Petrol,110,1,0,1600,3,1040,Manual,Metcolor
340,11950,42,30190,Petrol,110,1,0,1600,5,1075,Manual,Metcolor
341,11900,41,29716,Petrol,116,1,0,1600,5,1075,Manual,Metcolor
342,11950,44,29716,Petrol,110,1,1,1600,3,1070,Auto,Metcolor
343,14950,42,29640,Petrol,110,0,0,1600,3,1055,Manual,NonMetcolor
344,11950,41,29056,Petrol,97,1,0,1400,5,1060,Manual,Metcolor
345,12950,33,28715,Petrol,110,1,0,1600,5,1075,Manual,Metcolor
346,14950,41,28571,Petrol,110,0,0,1600,5,1090,Manual,NonMetcolor
347,13450,40,28362,Petrol,110,1,0,1600,3,1040,Manual,Metcolor
348,13750,38,28150,Petrol,110,1,0,1600,5,1075,Manual,Metcolor
349,12950,43,27301,Petrol,110,1,0,1600,3,1040,Manual,Metcolor
350,12750,33,27240,Petrol,110,1,0,1600,5,1075,Manual,Metcolor
351,11895,39,27170,Petrol,97,1,0,1400,5,1060,Manual,Metcolor
352,9950,42,27141,Petrol,97,1,0,1400,5,1060,Manual,Metcolor
353,12450,38,26262,Petrol,110,1,0,1600,5,1075,Manual,Metcolor
354,12500,38,26000,Petrol,97,1,0,1400,5,1060,Manual,Metcolor
355,14950,43,25228,Petrol,110,1,0,1600,3,1045,Manual,Metcolor
356,13750,39,25062,Petrol,110,1,0,1600,5,1080,Manual,Metcolor
357,12695,39,24723,Petrol,110,1,1,1600,4,1060,Auto,Metcolor
358,14990,33,24650,Petrol,110,1,0,1600,3,1055,Manual,Metcolor
359,12750,43,24553,Petrol,110,1,0,1600,5,1080,Manual,Metcolor
360,14350,41,24475,Petrol,110,1,0,1600,5,1030,Manual,Metcolor
361,12950,39,24444,Petrol,110,1,0,1600,3,1040,Manual,Metcolor
362,11500,35,24011,Petrol,97,0,0,1400,3,1025,Manual,NonMetcolor
363,11950,41,24000,Petrol,97,1,0,1400,3,1025,Manual,Metcolor
364,13450,40,23616,Petrol,110,1,0,1600,5,1075,Manual,Metcolor
365,12900,38,22865,Petrol,110,1,0,1600,5,1075,Manual,Metcolor
366,10500,41,22780,Petrol,86,1,0,1300,5,1035,Manual,Metcolor
367,10950,35,21904,Petrol,97,0,0,1400,3,1025,Manual,NonMetcolor
368,11950,41,21651,Petrol,97,0,0,1400,3,1025,Manual,NonMetcolor
369,11450,37,21500,Petrol,110,1,0,1600,5,1030,Manual,Metcolor
370,13250,44,21027,Petrol,110,1,0,1600,5,1080,Manual,Metcolor
371,10250,39,18500,Petrol,110,0,0,1600,4,1030,Manual,NonMetcolor
372,13995,35,18000,Petrol,110,1,0,1600,5,1075,Manual,Metcolor
373,11950,40,17051,Petrol,97,0,0,1400,5,1060,Manual,NonMetcolor
374,13250,33,16512,Petrol,97,1,0,1400,5,1085,Manual,Metcolor
375,12950,40,16325,Petrol,110,1,0,1600,5,1080,Manual,Metcolor
376,11750,38,16000,Petrol,97,1,0,1400,5,1060,Manual,Metcolor
377,11500,39,12000,Petrol,110,1,0,1600,5,1075,Manual,Metcolor
378,13500,43,10000,Petrol,97,1,0,1400,5,1060,Manual,Metcolor
379,6500,53,216000,Diesel,69,0,0,1900,3,1110,Manual,NonMetcolor
380,6400,51,198167,Diesel,69,0,0,1900,4,1095,Manual,NonMetcolor
381,7000,53,176000,Diesel,69,0,0,1900,3,1105,Manual,NonMetcolor
382,7750,54,174139,Diesel,72,1,0,2000,4,1100,Manual,Metcolor
383,8900,45,174000,Diesel,69,1,0,1900,5,1095,Manual,Metcolor
384,8500,55,150000,CNG,110,1,0,1600,3,1075,Manual,Metcolor
385,8950,54,149329,Diesel,72,1,0,2000,5,1135,Manual,Metcolor
386,9900,51,146736,Petrol,110,1,0,1600,5,1080,Manual,Metcolor
387,10250,53,143513,Diesel,69,0,0,1900,5,1140,Manual,NonMetcolor
388,9250,48,142130,CNG,110,0,0,1600,5,1119,Manual,NonMetcolor
389,7750,48,140700,Diesel,69,1,0,1900,5,1110,Manual,Metcolor
390,9450,54,138394,Diesel,69,1,0,1900,4,1095,Manual,Metcolor
391,7750,55,137000,Diesel,72,1,0,2000,5,1135,Manual,Metcolor
392,8250,52,135258,Diesel,69,1,0,1900,5,1140,Manual,Metcolor
393,9950,49,131364,Petrol,110,1,0,1600,5,1075,Manual,Metcolor
394,4450,56,129155,Diesel,69,0,0,1800,5,1110,Manual,NonMetcolor
395,9950,50,126110,Petrol,110,0,0,1600,3,1055,Manual,NonMetcolor
396,9000,48,119742,Petrol,110,1,0,1600,5,1080,Manual,Metcolor
397,9950,53,117913,Diesel,69,1,0,1900,5,1110,Manual,Metcolor
398,12450,47,117430,Diesel,90,1,0,2000,3,1165,Manual,Metcolor
399,10500,55,117175,Petrol,110,1,0,1600,4,1035,Manual,Metcolor
400,10750,54,115558,Petrol,110,1,0,1600,4,1035,Manual,Metcolor
401,8950,53,115113,Petrol,97,1,0,1400,3,1025,Manual,Metcolor
402,10500,54,115046,Diesel,69,1,0,1900,5,1140,Manual,Metcolor
403,5150,56,113997,Diesel,72,1,0,2000,5,1135,Manual,Metcolor
404,10950,49,107859,Petrol,97,0,0,1400,5,1060,Manual,NonMetcolor
405,9450,52,104805,Petrol,97,1,0,1400,3,1025,Manual,Metcolor
406,9950,54,103454,Petrol,110,1,0,1600,5,1075,Manual,Metcolor
407,10950,51,103018,Diesel,69,0,0,1900,5,1140,Manual,NonMetcolor
408,11900,47,102352,Petrol,110,1,0,1600,5,1080,Manual,Metcolor
409,9950,50,102030,Petrol,97,1,0,1400,5,1060,Manual,Metcolor
410,11950,54,101352,Petrol,110,0,0,1600,5,1080,Manual,NonMetcolor
411,7900,50,99865,Petrol,110,1,0,1600,4,1035,Manual,Metcolor
412,10950,52,99323,Petrol,110,1,0,1600,3,1055,Manual,Metcolor
413,8950,48,98100,Diesel,69,1,0,1900,5,1140,Manual,Metcolor
414,11950,51,98040,Petrol,110,0,0,1600,5,1080,Manual,NonMetcolor
415,10900,49,97600,Petrol,110,1,0,1600,3,1045,Manual,Metcolor
416,9950,55,97234,Petrol,110,0,0,1600,5,1080,Manual,NonMetcolor
417,9950,51,96135,Diesel,72,0,0,2000,3,1115,Manual,NonMetcolor
418,10950,54,96100,Petrol,110,1,0,1600,5,1080,Manual,Metcolor
419,8950,55,94401,Diesel,72,0,0,2000,3,1115,Manual,NonMetcolor
420,8950,55,94122,Petrol,86,1,0,1300,3,1015,Manual,Metcolor
421,10500,49,91340,Petrol,110,1,0,1600,3,1055,Manual,Metcolor
422,8950,53,90200,Petrol,97,0,0,1400,3,1025,Manual,NonMetcolor
423,9250,53,90097,Diesel,69,1,0,1900,5,1140,Manual,Metcolor
424,11500,48,89049,Petrol,97,1,0,1400,5,1060,Manual,Metcolor
425,9750,52,89000,Petrol,110,0,0,1600,5,1075,Manual,NonMetcolor
426,9950,45,87274,Petrol,110,1,0,1600,3,1040,Manual,Metcolor
427,11450,49,86221,Petrol,110,0,0,1600,3,1045,Manual,NonMetcolor
428,12500,54,84598,Petrol,110,0,0,1600,5,1075,Manual,NonMetcolor
429,10500,50,83567,Petrol,110,0,0,1600,5,1075,Manual,NonMetcolor
430,12950,50,83106,Petrol,110,1,0,1600,5,1075,Manual,Metcolor
431,12200,50,82805,Petrol,110,1,0,1600,3,1040,Manual,Metcolor
432,10950,50,82735,Petrol,97,1,0,1400,3,1030,Manual,Metcolor
433,10950,54,81905,Petrol,110,1,0,1600,5,1105,Manual,Metcolor
434,11290,49,80320,Petrol,110,1,1,1600,3,1070,Auto,Metcolor
435,10750,49,80090,Petrol,97,1,0,1400,3,1030,Manual,Metcolor
436,10895,53,79800,Petrol,110,0,0,1600,5,1075,Manual,NonMetcolor
437,11500,47,78785,CNG,110,1,0,1600,5,1119,Manual,Metcolor
438,9750,48,78600,Petrol,110,1,0,1600,5,1075,Manual,Metcolor
439,10250,55,77780,Petrol,110,0,0,1600,3,1040,Manual,NonMetcolor
440,12500,49,77648,Petrol,110,0,0,1600,4,1030,Manual,NonMetcolor
441,11950,54,77270,Petrol,110,1,0,1600,4,1035,Manual,Metcolor
442,10750,50,76167,Petrol,97,1,0,1400,5,1060,Manual,Metcolor
443,11450,46,75249,Petrol,110,1,0,1600,4,1035,Manual,Metcolor
444,11950,54,75231,Petrol,110,1,0,1600,5,1080,Manual,Metcolor
445,11750,48,75045,Petrol,110,1,0,1600,3,1055,Manual,Metcolor
446,10950,50,74849,Petrol,110,1,1,1600,4,1060,Auto,Metcolor
447,11950,55,74715,Petrol,110,1,0,1600,5,1080,Manual,Metcolor
448,10995,49,74656,Diesel,69,0,0,1900,3,1105,Manual,NonMetcolor
449,11450,56,74500,Petrol,97,0,0,1400,3,1025,Manual,NonMetcolor
450,8900,49,74494,Petrol,110,1,0,1600,5,1075,Manual,Metcolor
451,10500,50,73634,Petrol,110,0,0,1587,5,1075,Manual,NonMetcolor
452,11750,47,73403,Petrol,110,1,0,1600,5,1075,Manual,Metcolor
453,11450,49,73175,Petrol,97,1,0,1400,3,1030,Manual,Metcolor
454,12000,52,73000,Petrol,110,0,0,1600,3,1055,Manual,NonMetcolor
455,11950,50,72242,Petrol,110,0,1,1600,3,1070,Auto,NonMetcolor
456,9850,53,72000,Petrol,97,1,0,1400,3,1025,Manual,Metcolor
457,10950,54,71725,Petrol,110,1,0,1600,4,1035,Manual,Metcolor
458,10950,54,71276,Petrol,110,0,0,1600,5,1080,Manual,NonMetcolor
459,8695,50,70440,Diesel,69,1,0,1900,3,1105,Manual,Metcolor
460,10990,53,70239,Petrol,110,0,0,1600,3,1040,Manual,NonMetcolor
461,9500,55,69813,Petrol,97,1,0,1400,3,1025,Manual,Metcolor
462,11950,49,69659,Petrol,86,0,0,1300,3,1025,Manual,NonMetcolor
463,10750,46,69574,Petrol,97,0,0,1400,5,1065,Manual,NonMetcolor
464,8750,47,69000,Diesel,69,1,0,1900,5,1140,Manual,Metcolor
465,8750,49,68565,Petrol,110,1,0,1600,4,1030,Manual,Metcolor
466,11450,55,68520,Diesel,72,1,0,2000,3,1115,Manual,Metcolor
467,9950,46,68414,Petrol,97,0,0,1400,3,1025,Manual,NonMetcolor
468,11950,56,66777,Petrol,110,0,0,1600,5,1090,Manual,NonMetcolor
469,13950,52,66527,Petrol,110,1,0,1600,5,1080,Manual,Metcolor
470,11250,54,66063,Petrol,110,1,0,1600,5,1090,Manual,Metcolor
471,10900,50,65471,Petrol,97,1,0,1400,5,1060,Manual,Metcolor
472,9750,56,65400,Petrol,97,1,0,1400,3,1025,Manual,Metcolor
473,9950,52,65170,Petrol,97,1,0,1400,3,1025,Manual,Metcolor
474,11950,56,65000,Petrol,110,1,0,1600,5,1075,Manual,Metcolor
475,10450,48,64193,Petrol,110,1,0,1600,3,1040,Manual,Metcolor
476,8950,54,64000,Petrol,97,1,0,1400,3,1025,Manual,Metcolor
477,10250,54,63792,Petrol,110,1,0,1600,5,1075,Manual,Metcolor
478,9930,53,63635,Petrol,110,1,0,1600,4,1035,Manual,Metcolor
479,10500,54,63135,Petrol,110,1,0,1600,3,1050,Manual,Metcolor
480,11950,54,63123,Petrol,110,1,0,1600,4,1035,Manual,Metcolor
481,11500,48,63000,Diesel,69,1,0,1900,5,1140,Manual,Metcolor
482,11500,55,63000,Petrol,110,0,0,1600,4,1035,Manual,NonMetcolor
483,11450,54,62987,Petrol,110,0,0,1600,5,1080,Manual,NonMetcolor
484,9900,56,62751,Petrol,110,0,0,1600,3,1050,Manual,NonMetcolor
485,9500,54,62519,Petrol,97,0,0,1400,3,1025,Manual,NonMetcolor
486,10500,50,62280,Petrol,97,1,0,1400,5,1060,Manual,Metcolor
487,10750,50,61672,Petrol,110,0,0,1600,5,1075,Manual,NonMetcolor
488,8950,54,61000,Diesel,69,0,0,2000,5,1140,Manual,NonMetcolor
489,12000,56,61000,Petrol,110,1,0,1600,3,1050,Manual,Metcolor
490,9940,53,60558,Petrol,110,1,0,1600,4,1105,Manual,Metcolor
491,10950,47,60348,Petrol,110,0,0,1600,4,1030,Manual,NonMetcolor
492,10750,54,60239,Petrol,110,1,0,1600,5,1075,Manual,Metcolor
493,9799,51,59000,Petrol,97,1,0,1400,3,1025,Manual,Metcolor
494,11750,51,58761,Petrol,97,0,0,1300,5,1060,Manual,NonMetcolor
495,11950,54,58745,Petrol,110,1,0,1600,4,1035,Manual,Metcolor
496,11250,52,58596,Petrol,110,1,0,1600,3,1045,Manual,Metcolor
497,11750,54,58530,Petrol,110,0,0,1600,5,1075,Manual,NonMetcolor
498,10950,55,58377,Petrol,110,1,0,1600,3,1050,Manual,Metcolor
499,11250,56,58142,Petrol,110,1,0,1600,5,1080,Manual,Metcolor
500,9950,53,57948,Petrol,97,1,0,1400,3,1025,Manual,Metcolor
501,9700,51,57645,Petrol,110,0,0,1600,5,1080,Manual,NonMetcolor
502,11950,47,57500,Petrol,110,1,0,1600,4,1105,Manual,Metcolor
503,9900,53,57475,Petrol,110,0,0,1600,3,1040,Manual,NonMetcolor
504,9990,55,56743,Petrol,110,0,0,1600,3,1045,Manual,NonMetcolor
505,9475,48,56675,Petrol,97,1,0,1400,3,1025,Manual,Metcolor
506,11500,54,55877,Petrol,110,1,0,1600,5,1075,Manual,Metcolor
507,11950,53,55500,Petrol,110,1,0,1600,4,1035,Manual,Metcolor
508,11500,55,54900,Petrol,97,1,0,1400,5,1060,Manual,Metcolor
509,10500,50,54465,Petrol,110,0,0,1600,5,1075,Manual,NonMetcolor
510,10900,46,53700,Petrol,97,1,0,1400,5,1060,Manual,Metcolor
511,11700,52,53561,Petrol,97,1,0,1400,5,1060,Manual,Metcolor
512,11900,51,53408,Petrol,110,1,0,1600,5,1080,Manual,Metcolor
513,13950,51,53268,Petrol,110,1,0,1600,5,1080,Manual,Metcolor
514,10950,49,53116,Petrol,97,1,0,1400,3,1025,Manual,Metcolor
515,10500,56,52448,Petrol,97,0,0,1400,3,1025,Manual,NonMetcolor
516,10750,55,52149,Petrol,97,1,0,1400,3,1085,Manual,Metcolor
517,11950,55,52141,Petrol,110,1,0,1600,5,1070,Manual,Metcolor
518,10000,56,52000,Petrol,97,0,0,1400,3,1025,Manual,NonMetcolor
519,10495,48,50967,Petrol,97,1,0,1400,5,1060,Manual,Metcolor
520,11450,50,50400,Petrol,110,0,0,1600,5,1080,Manual,NonMetcolor
521,9400,54,50000,Petrol,97,1,0,1400,3,1025,Manual,Metcolor
522,11950,51,50000,Petrol,86,1,0,1300,5,1045,Manual,Metcolor
523,9650,53,49969,Petrol,110,0,0,1600,5,1075,Manual,NonMetcolor
524,18950,49,49568,Petrol,110,1,0,1600,3,1105,Manual,Metcolor
525,11450,51,49473,Petrol,110,0,0,1600,3,1055,Manual,NonMetcolor
526,10250,52,49432,Petrol,110,1,0,1600,3,1050,Manual,Metcolor
527,11450,48,49417,Petrol,110,1,0,1600,3,1045,Manual,Metcolor
528,9950,54,49366,Petrol,97,1,0,1400,3,1025,Manual,Metcolor
529,10500,56,48731,Petrol,110,1,0,1600,3,1055,Manual,Metcolor
530,13750,54,48370,Petrol,110,1,0,1600,5,1080,Manual,Metcolor
531,9950,48,48071,Petrol,97,0,0,1400,3,1025,Manual,NonMetcolor
532,10250,54,47852,Petrol,110,1,0,1600,4,1030,Manual,Metcolor
533,10850,54,47768,Petrol,110,0,0,1600,3,1055,Manual,NonMetcolor
534,11895,52,47689,Petrol,110,0,0,1600,5,1075,Manual,NonMetcolor
535,12950,53,47451,Petrol,110,1,0,1600,3,1055,Manual,Metcolor
536,11950,50,47219,Petrol,110,1,0,1600,5,1080,Manual,Metcolor
537,10750,56,47211,Petrol,110,1,0,1600,5,1070,Manual,Metcolor
538,9550,54,46856,Petrol,97,0,0,1400,5,1060,Manual,NonMetcolor
539,10950,56,46500,Petrol,86,0,0,1300,5,1035,Manual,NonMetcolor
540,11750,52,46449,Petrol,110,1,0,1600,4,1035,Manual,Metcolor
541,10950,47,46391,Petrol,110,0,0,1600,5,1075,Manual,NonMetcolor
542,12450,54,46230,Petrol,110,1,0,1600,3,1055,Manual,Metcolor
543,10500,52,46029,Petrol,110,1,0,1600,4,1030,Manual,Metcolor
544,10900,50,46000,Petrol,97,0,0,1400,3,1025,Manual,NonMetcolor
545,12950,50,45900,Petrol,110,1,0,1600,5,1075,Manual,Metcolor
546,10950,47,45850,Petrol,97,0,0,1400,5,1060,Manual,NonMetcolor
547,12500,56,45336,Petrol,110,1,0,1600,5,1080,Manual,Metcolor
548,9950,55,44537,Petrol,97,0,0,1400,3,1025,Manual,NonMetcolor
549,10750,56,43700,Petrol,86,1,0,1300,3,1025,Manual,Metcolor
550,12500,48,43120,Petrol,97,1,0,1400,3,1030,Manual,Metcolor
551,10450,49,41710,Petrol,110,0,0,1600,3,1040,Manual,NonMetcolor
552,10750,52,41700,Petrol,97,1,0,1400,3,1025,Manual,Metcolor
553,12950,49,41636,Petrol,110,1,0,1600,5,1105,Manual,Metcolor
554,10995,50,41273,Petrol,97,0,0,1400,5,1060,Manual,NonMetcolor
555,11950,49,40836,Petrol,110,0,1,1600,3,1075,Auto,NonMetcolor
556,11250,50,40400,Petrol,97,1,0,1400,5,1060,Manual,Metcolor
557,11950,47,40361,Petrol,110,1,0,1600,5,1090,Manual,Metcolor
558,13750,54,40325,Petrol,86,0,0,1300,5,1045,Manual,NonMetcolor
559,11000,47,40000,Petrol,110,0,0,1600,5,1080,Manual,NonMetcolor
560,13500,50,39706,Petrol,110,1,0,1600,5,1080,Manual,Metcolor
561,10950,54,39291,Petrol,110,1,0,1600,3,1040,Manual,Metcolor
562,10750,54,39000,Petrol,97,0,0,1400,3,1025,Manual,NonMetcolor
563,8950,47,38900,Petrol,97,1,0,1400,3,1025,Manual,Metcolor
564,12950,51,38403,Petrol,110,0,0,1600,3,1055,Manual,NonMetcolor
565,9750,56,37461,Petrol,97,0,0,1400,3,1025,Manual,NonMetcolor
566,10900,54,37000,Petrol,97,1,0,1400,3,1025,Manual,Metcolor
567,10995,55,36406,Petrol,110,1,0,1600,4,1035,Manual,Metcolor
568,10750,48,36005,Petrol,97,1,0,1400,5,1065,Manual,Metcolor
569,10950,52,36000,Petrol,110,1,0,1600,5,1075,Manual,Metcolor
570,13000,49,36000,Petrol,110,0,0,1600,5,1080,Manual,NonMetcolor
571,12950,45,36000,Petrol,110,1,1,1600,3,1070,Auto,Metcolor
572,11500,52,35823,Petrol,110,0,0,1600,5,1075,Manual,NonMetcolor
573,10950,56,35230,Petrol,97,0,0,1400,3,1025,Manual,NonMetcolor
574,11710,48,35142,Petrol,110,0,0,1600,3,1055,Manual,NonMetcolor
575,9980,49,34890,Petrol,97,0,0,1400,3,1025,Manual,NonMetcolor
576,12250,51,34882,Petrol,110,1,0,1600,5,1075,Manual,Metcolor
577,11500,46,34000,Petrol,110,1,0,1600,5,1075,Manual,Metcolor
578,11950,56,33998,Petrol,110,0,0,1600,5,1080,Manual,NonMetcolor
579,11500,55,33230,Petrol,110,0,0,1600,3,1050,Manual,NonMetcolor
580,11900,46,33021,Petrol,110,1,0,1600,5,1080,Manual,Metcolor
581,11930,49,31999,Petrol,97,0,0,1400,3,1030,Manual,NonMetcolor
582,10500,52,31579,Petrol,97,0,0,1400,3,1025,Manual,NonMetcolor
583,8950,56,31000,Petrol,97,0,0,1400,3,1025,Manual,NonMetcolor
584,10450,46,30806,Petrol,97,1,0,1400,5,1060,Manual,Metcolor
585,10500,55,30461,Petrol,86,1,0,1300,5,1050,Manual,Metcolor
586,12950,50,29686,Petrol,110,1,1,1600,3,1075,Auto,Metcolor
587,9950,55,29650,Petrol,86,0,0,1300,3,1025,Manual,NonMetcolor
588,12900,52,29500,Petrol,110,1,0,1600,3,1055,Manual,Metcolor
589,9950,48,28656,Petrol,97,0,0,1400,3,1085,Manual,NonMetcolor
590,9950,55,27500,Petrol,97,1,0,1400,3,1025,Manual,Metcolor
591,10950,48,26938,Petrol,110,1,0,1600,3,1040,Manual,Metcolor
592,10950,53,26624,Petrol,97,0,0,1400,5,1060,Manual,NonMetcolor
593,9950,47,26221,Petrol,97,1,0,1400,3,1025,Manual,Metcolor
594,10950,50,22648,Petrol,97,1,0,1400,5,1060,Manual,Metcolor
595,10800,50,22500,Petrol,97,1,0,1400,3,1025,Manual,Metcolor
596,10500,56,19313,Petrol,97,0,0,1400,3,1025,Manual,NonMetcolor
597,10450,50,17619,Petrol,110,0,0,1600,4,1030,Manual,NonMetcolor
598,10600,51,17069,Petrol,97,1,0,1400,3,1025,Manual,Metcolor
599,10450,48,15000,Petrol,97,1,0,1400,3,1025,Manual,Metcolor
600,12950,50,10210,Petrol,97,0,0,1400,5,1065,Manual,NonMetcolor
601,11250,47,5309,Petrol,110,1,1,1600,3,1070,Auto,Metcolor
602,7500,50,1,Diesel,90,1,0,2000,3,1260,Manual,Metcolor
603,8950,52,31000,Petrol,97,0,0,1398,3,1025,Manual,NonMetcolor
604,6950,58,205000,Diesel,72,1,0,2000,4,1100,Manual,Metcolor
605,7900,68,204250,Diesel,72,0,0,2000,3,1115,Manual,NonMetcolor
606,5950,68,194545,Petrol,86,0,0,1300,4,1000,Manual,NonMetcolor
607,7500,59,190900,Diesel,72,1,0,2000,3,1115,Manual,Metcolor
608,7500,62,183500,Diesel,72,1,0,2000,5,1140,Manual,Metcolor
609,6900,65,176184,Diesel,72,1,0,2000,3,1115,Manual,Metcolor
610,5751,67,174833,Diesel,72,0,0,2000,4,1100,Manual,NonMetcolor
611,6950,68,155720,Petrol,86,1,0,1300,3,1015,Manual,Metcolor
612,7950,67,155500,Petrol,110,1,0,1600,5,1050,Manual,Metcolor
613,7750,59,154783,Diesel,72,1,0,2000,3,1120,Manual,Metcolor
614,7950,64,154462,Diesel,72,1,0,2000,5,1135,Manual,Metcolor
615,8250,64,150585,Petrol,110,1,0,1600,3,1065,Manual,Metcolor
616,6250,67,149000,Diesel,90,1,0,2000,5,1135,Manual,Metcolor
617,9500,62,147636,Diesel,72,0,0,2000,5,1135,Manual,NonMetcolor
618,6900,59,144521,Diesel,72,1,0,2000,5,1135,Manual,Metcolor
619,8450,64,144000,CNG,110,1,0,1600,3,1065,Manual,Metcolor
620,7350,65,140168,Diesel,72,1,0,2000,3,1115,Manual,Metcolor
621,8950,68,140000,Petrol,110,1,0,1600,5,1085,Manual,Metcolor
622,6900,60,139800,Diesel,72,0,0,2000,3,1115,Manual,NonMetcolor
623,8950,59,137050,CNG,110,1,0,1600,3,1078,Manual,Metcolor
624,8750,61,136956,Petrol,110,0,0,1600,3,1065,Manual,NonMetcolor
625,7950,67,135337,CNG,110,1,0,1600,5,1120,Manual,Metcolor
626,8950,64,133769,Diesel,72,1,0,2000,3,1120,Manual,Metcolor
627,8950,58,133405,Diesel,72,1,0,2000,5,1135,Manual,Metcolor
628,8950,65,132807,Diesel,72,1,0,2000,5,1135,Manual,Metcolor
629,7950,64,132393,Diesel,72,0,0,2000,5,1135,Manual,NonMetcolor
630,7750,60,130270,Petrol,110,0,0,1600,3,1050,Manual,NonMetcolor
631,7500,59,130000,Diesel,72,1,0,2000,4,1135,Manual,Metcolor
632,8950,67,127000,Diesel,72,1,0,2000,5,1135,Manual,Metcolor
633,9800,67,126800,Diesel,72,0,0,2000,5,1135,Manual,NonMetcolor
634,9450,66,126452,Petrol,110,1,0,1600,5,1085,Manual,Metcolor
635,8950,62,125175,Diesel,116,0,0,2000,5,1150,Manual,NonMetcolor
636,8750,68,125000,Diesel,72,1,0,2000,3,1115,Manual,Metcolor
637,10500,61,123000,Diesel,72,0,0,2000,5,1135,Manual,NonMetcolor
638,7995,59,121626,Petrol,86,0,0,1300,5,1050,Manual,NonMetcolor
639,10450,64,120400,Petrol,110,0,0,1600,5,1090,Manual,NonMetcolor
640,9950,66,120000,Diesel,72,0,0,2000,4,1100,Manual,NonMetcolor
641,9950,68,119541,Petrol,110,0,0,1600,3,1055,Manual,NonMetcolor
642,8950,68,119500,Petrol,110,1,0,1600,5,1070,Manual,Metcolor
643,7950,68,119289,Petrol,110,1,0,1600,4,1035,Manual,Metcolor
644,10950,57,118833,Petrol,110,0,0,1600,3,1065,Manual,NonMetcolor
645,9950,64,118000,Diesel,72,1,0,2000,5,1150,Manual,Metcolor
646,8600,68,117955,Petrol,110,1,1,1600,4,1065,Auto,Metcolor
647,7250,65,117609,Petrol,86,0,0,1300,3,1015,Manual,NonMetcolor
648,6950,68,117000,Diesel,72,0,0,2000,3,1115,Manual,NonMetcolor
649,8000,64,116000,Petrol,86,0,0,1300,5,1045,Manual,NonMetcolor
650,9950,58,115715,Petrol,110,0,0,1600,5,1070,Manual,NonMetcolor
651,9450,60,115191,CNG,110,1,0,1600,4,1079,Manual,Metcolor
652,7950,68,115071,Petrol,110,1,0,1600,3,1055,Manual,Metcolor
653,9450,63,115000,CNG,110,0,0,1600,3,1109,Manual,NonMetcolor
654,9950,64,114846,Petrol,110,1,0,1600,5,1075,Manual,Metcolor
655,6950,65,114383,Diesel,90,0,0,2000,3,1260,Manual,NonMetcolor
656,8250,59,113700,Petrol,110,1,0,1600,5,1065,Manual,Metcolor
657,9950,67,113118,Petrol,86,1,0,1300,3,1020,Manual,Metcolor
658,8250,59,112827,Petrol,86,1,0,1300,5,1040,Manual,Metcolor
659,9950,68,112116,Petrol,110,1,0,1600,5,1070,Manual,Metcolor
660,10500,66,112000,Petrol,110,1,0,1600,3,1065,Manual,Metcolor
661,7950,62,112000,Diesel,72,0,0,2000,4,1135,Manual,NonMetcolor
662,9750,65,111769,Petrol,110,0,0,1600,3,1065,Manual,NonMetcolor
663,9250,61,110853,Petrol,110,1,0,1600,5,1070,Manual,Metcolor
664,9500,68,110287,Petrol,110,1,0,1600,3,1050,Manual,Metcolor
665,9950,62,109547,Petrol,110,0,0,1600,5,1075,Manual,NonMetcolor
666,7750,63,109230,Petrol,110,0,0,1600,3,1050,Manual,NonMetcolor
667,9500,68,109150,Petrol,110,0,0,1600,5,1075,Manual,NonMetcolor
668,9950,67,108793,Petrol,110,1,0,1600,4,1035,Manual,Metcolor
669,9750,64,106784,Petrol,110,0,1,1600,3,1050,Auto,NonMetcolor
670,9750,58,105942,Petrol,86,0,0,1300,5,1040,Manual,NonMetcolor
671,5950,59,105000,Petrol,86,1,0,1300,3,1015,Manual,Metcolor
672,8500,62,105000,Petrol,86,0,0,1300,5,1040,Manual,NonMetcolor
673,8495,68,104299,Petrol,110,1,0,1600,5,1085,Manual,Metcolor
674,9250,67,104000,Petrol,86,0,0,1300,3,1020,Manual,NonMetcolor
675,6900,68,104000,Petrol,86,1,0,1300,3,1015,Manual,Metcolor
676,8950,58,103458,Petrol,86,1,0,1300,3,1025,Manual,Metcolor
677,9500,63,103400,Petrol,110,1,0,1600,5,1075,Manual,Metcolor
678,9250,63,102807,Petrol,86,0,0,1300,5,1055,Manual,NonMetcolor
679,9895,68,102494,Petrol,110,0,0,1600,5,1090,Manual,NonMetcolor
680,9950,57,102300,Diesel,72,1,0,2000,5,1135,Manual,Metcolor
681,7950,61,102106,Petrol,110,0,0,1600,3,1050,Manual,NonMetcolor
682,8750,68,101889,Petrol,110,1,0,1600,5,1075,Manual,Metcolor
683,8250,57,101791,Diesel,72,0,0,2000,3,1115,Manual,NonMetcolor
684,8950,63,101469,Petrol,110,1,0,1600,3,1065,Manual,Metcolor
685,8950,68,101001,Petrol,110,0,0,1600,5,1075,Manual,NonMetcolor
686,8950,61,100748,Petrol,110,0,0,1600,5,1070,Manual,NonMetcolor
687,8950,65,100550,Petrol,110,1,0,1600,5,1075,Manual,Metcolor
688,9450,67,99781,Petrol,110,1,0,1600,5,1085,Manual,Metcolor
689,8950,59,98658,Petrol,86,1,0,1300,3,1020,Manual,Metcolor
690,9250,65,98500,Petrol,110,1,0,1600,5,1075,Manual,Metcolor
691,8750,64,98291,Petrol,86,0,0,1300,4,1000,Manual,NonMetcolor
692,9950,61,97648,Petrol,110,1,0,1600,3,1065,Manual,Metcolor
693,9950,61,97425,Petrol,110,1,0,1600,5,1075,Manual,Metcolor
694,9900,65,97173,Petrol,86,0,0,1300,3,1015,Manual,NonMetcolor
695,8950,66,97046,Petrol,86,1,0,1300,4,1000,Manual,Metcolor
696,8950,67,96000,Petrol,110,1,0,1600,3,1050,Manual,Metcolor
697,12250,60,96000,Diesel,72,0,0,2000,4,1100,Manual,NonMetcolor
698,9250,67,95750,Petrol,110,1,0,1600,5,1070,Manual,Metcolor
699,10250,61,95147,Petrol,110,1,0,1600,3,1050,Manual,Metcolor
700,8950,68,95000,Petrol,110,0,0,1600,3,1050,Manual,NonMetcolor
701,7999,65,95000,Petrol,110,1,0,1600,3,1050,Manual,Metcolor
702,9900,66,94606,Petrol,110,0,0,1600,3,1065,Manual,NonMetcolor
703,8250,63,94504,Petrol,86,1,0,1300,4,1000,Manual,Metcolor
704,10500,65,93428,Petrol,110,1,0,1600,5,1075,Manual,Metcolor
705,8450,65,93408,Petrol,86,0,0,1300,3,1015,Manual,NonMetcolor
706,9900,68,93296,Petrol,110,1,0,1600,5,1090,Manual,Metcolor
707,10500,62,93098,Petrol,110,1,0,1600,5,1075,Manual,Metcolor
708,8500,67,92922,Diesel,72,1,0,2000,4,1100,Manual,Metcolor
709,9500,61,92498,Petrol,110,1,0,1600,3,1050,Manual,Metcolor
710,9450,65,92226,Petrol,110,0,0,1600,3,1065,Manual,NonMetcolor
711,9900,68,91505,Diesel,72,0,0,2000,3,1115,Manual,NonMetcolor
712,8250,64,91333,Petrol,110,1,0,1600,3,1050,Manual,Metcolor
713,8750,65,91246,Petrol,86,1,0,1300,3,1015,Manual,Metcolor
714,9500,58,91000,Petrol,110,1,0,1600,5,1075,Manual,Metcolor
715,8450,68,90727,Petrol,110,0,0,1600,3,1050,Manual,NonMetcolor
716,8490,62,90000,Petrol,110,0,0,1600,3,1050,Manual,NonMetcolor
717,8750,60,89576,Petrol,110,0,0,1600,4,1035,Manual,NonMetcolor
718,9750,64,89145,Petrol,86,1,0,1300,3,1025,Manual,Metcolor
719,9950,63,89000,Petrol,110,1,0,1600,5,1085,Manual,Metcolor
720,8500,68,88807,Petrol,110,0,0,1600,3,1050,Manual,NonMetcolor
721,8450,63,88685,Petrol,110,0,0,1600,5,1070,Manual,NonMetcolor
722,7900,62,88667,Petrol,110,1,0,1600,4,1040,Manual,Metcolor
723,8750,57,88480,Petrol,110,1,0,1600,3,1050,Manual,Metcolor
724,7950,61,88127,Petrol,86,0,0,1300,3,1015,Manual,NonMetcolor
725,6900,62,88000,Petrol,86,0,0,1300,3,1020,Manual,NonMetcolor
726,8150,65,87821,Petrol,86,1,0,1300,3,1015,Manual,Metcolor
727,10995,59,87654,Petrol,86,1,1,1300,5,1065,Auto,Metcolor
728,8900,59,86888,Petrol,110,1,0,1600,3,1050,Manual,Metcolor
729,9500,59,86871,Petrol,86,1,0,1300,5,1040,Manual,Metcolor
730,8950,68,86714,Petrol,110,1,0,1600,4,1035,Manual,Metcolor
731,11500,65,85889,Petrol,110,0,0,1600,3,1065,Manual,NonMetcolor
732,10450,62,85000,Petrol,110,1,0,1600,3,1050,Manual,Metcolor
733,10500,60,85000,Petrol,86,1,0,1300,3,1025,Manual,Metcolor
734,9250,68,84976,Petrol,110,1,0,1600,4,1035,Manual,Metcolor
735,10950,65,84558,Petrol,110,1,0,1600,5,1120,Manual,Metcolor
736,10450,62,84549,Petrol,110,0,0,1600,5,1075,Manual,NonMetcolor
737,9250,68,84482,Petrol,110,1,0,1600,5,1075,Manual,Metcolor
738,8750,62,83908,Petrol,110,1,0,1600,5,1070,Manual,Metcolor
739,8750,67,83560,Petrol,86,0,0,1300,3,1015,Manual,NonMetcolor
740,9800,68,83000,Petrol,107,1,1,1600,5,1100,Auto,Metcolor
741,8250,64,82723,Petrol,86,0,0,1300,3,1015,Manual,NonMetcolor
742,10450,62,82421,Petrol,110,1,0,1600,3,1065,Manual,Metcolor
743,9750,58,82254,Petrol,110,0,0,1600,5,1050,Manual,NonMetcolor
744,8950,61,82115,Petrol,110,1,0,1600,3,1055,Manual,Metcolor
745,7450,65,82000,Petrol,86,1,0,1300,3,1015,Manual,Metcolor
746,8450,68,81965,Petrol,86,1,0,1300,5,1035,Manual,Metcolor
747,8250,66,81250,Petrol,110,0,0,1600,3,1050,Manual,NonMetcolor
748,10950,65,81192,Petrol,110,1,0,1600,3,1065,Manual,Metcolor
749,8950,61,81170,Petrol,110,1,0,1600,4,1040,Manual,Metcolor
750,8750,66,81083,Petrol,86,0,0,1300,3,1015,Manual,NonMetcolor
751,10450,61,80714,Petrol,110,1,0,1600,5,1075,Manual,Metcolor
752,10950,57,80470,Petrol,110,0,0,1600,5,1085,Manual,NonMetcolor
753,8450,65,80439,Petrol,110,1,0,1600,4,1035,Manual,Metcolor
754,9950,59,80430,Petrol,110,1,0,1600,3,1065,Manual,Metcolor
755,9950,68,80426,Petrol,110,1,0,1600,3,1055,Manual,Metcolor
756,8750,62,80265,Petrol,86,0,0,1300,3,1015,Manual,NonMetcolor
757,9950,65,80153,Petrol,110,0,0,1600,5,1070,Manual,NonMetcolor
758,9500,68,80121,Petrol,110,0,0,1600,5,1070,Manual,NonMetcolor
759,8250,65,80086,Petrol,110,1,0,1600,4,1035,Manual,Metcolor
760,10950,62,80000,Petrol,110,0,0,1600,5,1075,Manual,NonMetcolor
761,7950,60,80000,Petrol,86,0,0,1300,5,1015,Manual,NonMetcolor
762,8250,65,80000,Petrol,86,1,0,1300,2,1015,Manual,Metcolor
763,9895,67,79858,Petrol,110,1,0,1600,4,1040,Manual,Metcolor
764,9130,67,79762,Petrol,86,1,0,1300,3,1015,Manual,Metcolor
765,10950,59,79660,Petrol,86,0,1,1300,5,1065,Auto,NonMetcolor
766,10500,60,79150,Petrol,110,1,0,1600,5,1075,Manual,Metcolor
767,8900,61,79000,Petrol,110,1,0,1600,3,1050,Manual,Metcolor
768,9500,57,78955,Petrol,86,1,0,1300,5,1045,Manual,Metcolor
769,10950,59,78750,Diesel,90,1,0,1975,5,1155,Manual,Metcolor
770,7950,68,78521,Petrol,86,0,0,1300,3,1015,Manual,NonMetcolor
771,7950,64,78356,Petrol,86,1,0,1300,3,1015,Manual,Metcolor
772,7950,65,78076,Petrol,86,1,0,1300,3,1015,Manual,Metcolor
773,9500,61,78063,Petrol,107,1,1,1600,5,1100,Auto,Metcolor
774,10950,67,77821,Petrol,110,1,0,1600,5,1075,Manual,Metcolor
775,9750,68,77695,Petrol,110,1,0,1600,4,1035,Manual,Metcolor
776,9750,65,77500,Petrol,110,1,0,1600,3,1050,Manual,Metcolor
777,9450,63,77457,Petrol,110,1,0,1600,3,1055,Manual,Metcolor
778,8950,68,77029,Petrol,86,1,0,1300,3,1015,Manual,Metcolor
779,8950,68,77008,Petrol,86,1,0,1300,3,1015,Manual,Metcolor
780,8900,66,76791,Petrol,110,1,0,1600,5,1070,Manual,Metcolor
781,9950,61,76700,Petrol,86,1,0,1300,5,1035,Manual,Metcolor
782,8750,67,76569,Petrol,86,1,0,1300,3,1020,Manual,Metcolor
783,8950,59,76162,Petrol,110,1,0,1600,5,1075,Manual,Metcolor
784,8990,65,76155,Petrol,110,1,0,1600,4,1035,Manual,Metcolor
785,8950,61,75609,Petrol,86,1,0,1300,3,1015,Manual,Metcolor
786,8950,62,75569,Diesel,72,1,0,2000,3,1120,Manual,Metcolor
787,9950,67,75429,Petrol,110,1,0,1600,3,1065,Manual,Metcolor
788,9900,68,75000,Petrol,110,1,0,1600,5,1075,Manual,Metcolor
789,8950,65,75000,Petrol,86,0,0,1300,3,1015,Manual,NonMetcolor
790,8950,62,75000,Petrol,110,1,0,1600,5,1070,Manual,Metcolor
791,9500,66,74963,Petrol,107,0,1,1600,3,1085,Auto,NonMetcolor
792,7950,68,74889,Petrol,86,1,0,1300,3,1015,Manual,Metcolor
793,7750,68,74875,Petrol,110,0,0,1600,5,1070,Manual,NonMetcolor
794,8950,63,74747,Petrol,110,1,0,1600,5,1075,Manual,Metcolor
795,11950,60,74720,Petrol,110,1,0,1600,5,1085,Manual,Metcolor
796,8950,62,74457,Petrol,110,0,0,1600,5,1075,Manual,NonMetcolor
797,11950,60,74337,Petrol,86,0,0,1300,5,1035,Manual,NonMetcolor
798,8950,68,74308,Petrol,110,0,0,1600,3,1050,Manual,NonMetcolor
799,9950,64,74193,Petrol,110,0,0,1600,3,1050,Manual,NonMetcolor
800,8250,65,74179,Petrol,110,1,0,1600,3,1050,Manual,Metcolor
801,8995,67,73936,Petrol,86,1,0,1300,5,1050,Manual,Metcolor
802,9995,61,73894,Petrol,110,1,0,1600,3,1065,Manual,Metcolor
803,9250,64,73500,Petrol,110,1,0,1600,3,1050,Manual,Metcolor
804,10950,64,73376,Petrol,110,0,0,1600,5,1070,Manual,NonMetcolor
805,8900,64,73300,Petrol,86,1,0,1300,3,1015,Manual,Metcolor
806,9500,58,73172,Petrol,110,1,0,1600,5,1075,Manual,Metcolor
807,9950,58,72928,Petrol,110,1,0,1600,5,1075,Manual,Metcolor
808,7950,67,72880,Petrol,86,1,0,1332,3,1015,Manual,Metcolor
809,8250,63,72522,Petrol,110,1,0,1600,3,1050,Manual,Metcolor
810,9450,64,72000,Petrol,86,1,0,1300,3,1015,Manual,Metcolor
811,7950,57,72000,Petrol,86,0,0,1300,3,1015,Manual,NonMetcolor
812,9500,59,71366,Petrol,110,0,0,1600,3,1065,Manual,NonMetcolor
813,8950,65,71317,Petrol,110,0,0,1600,3,1050,Manual,NonMetcolor
814,10950,62,71000,Petrol,110,0,0,1600,5,1070,Manual,NonMetcolor
815,8950,60,70954,Petrol,110,0,0,1600,3,1050,Manual,NonMetcolor
816,9450,63,70908,Petrol,86,0,0,1300,5,1035,Manual,NonMetcolor
817,8000,58,70560,Petrol,110,1,0,1600,3,1050,Manual,Metcolor
818,9900,67,70552,Petrol,110,0,0,1600,5,1075,Manual,NonMetcolor
819,8950,62,70500,Petrol,110,1,0,1600,5,1035,Manual,Metcolor
820,10900,60,70453,Diesel,72,0,0,2000,5,1135,Manual,NonMetcolor
821,9450,59,70218,Petrol,110,1,0,1600,3,1050,Manual,Metcolor
822,8450,64,70116,Petrol,110,1,0,1600,4,1035,Manual,Metcolor
823,9500,65,70068,Petrol,110,1,0,1600,5,1075,Manual,Metcolor
824,10500,67,70000,Petrol,107,1,1,1587,3,1065,Auto,Metcolor
825,6950,68,70000,Petrol,86,1,0,1300,3,1015,Manual,Metcolor
826,9750,68,69103,Petrol,110,0,0,1600,4,1035,Manual,NonMetcolor
827,6950,58,69022,Petrol,86,1,0,1300,5,1035,Manual,Metcolor
828,9650,67,69000,Petrol,110,1,0,1600,3,1065,Manual,Metcolor
829,9950,68,68865,Petrol,110,1,0,1600,3,1065,Manual,Metcolor
830,9250,58,68723,Petrol,86,0,0,1300,3,1025,Manual,NonMetcolor
831,8950,63,68453,Petrol,110,1,0,1600,5,1070,Manual,Metcolor
832,9900,63,68238,Petrol,86,0,0,1300,5,1050,Manual,NonMetcolor
833,10995,63,68153,Petrol,110,1,0,1600,5,1085,Manual,Metcolor
834,10500,65,68000,Petrol,110,0,0,1600,5,1075,Manual,NonMetcolor
835,8950,65,68000,Petrol,86,1,0,1300,3,1015,Manual,Metcolor
836,9750,67,67762,Petrol,110,1,0,1600,3,1065,Manual,Metcolor
837,10950,68,67146,Petrol,110,1,0,1600,5,1075,Manual,Metcolor
838,9750,67,67110,Petrol,86,1,0,1300,5,1035,Manual,Metcolor
839,9950,59,67010,Petrol,110,1,0,1600,3,1065,Manual,Metcolor
840,10500,65,67003,Petrol,110,1,0,1600,4,1035,Manual,Metcolor
841,10400,68,66785,Petrol,86,0,1,1300,3,1045,Auto,NonMetcolor
842,8800,68,66550,Petrol,86,0,0,1332,3,1010,Manual,NonMetcolor
843,10500,61,66259,Petrol,110,1,0,1600,3,1065,Manual,Metcolor
844,9250,62,66082,Petrol,110,0,0,1600,5,1070,Manual,NonMetcolor
845,7800,65,66000,Petrol,86,1,0,1300,3,1015,Manual,Metcolor
846,9950,61,66000,Petrol,110,0,0,1600,3,1050,Manual,NonMetcolor
847,10750,63,65896,Petrol,110,1,0,1600,3,1065,Manual,Metcolor
848,10950,67,65785,Petrol,110,1,0,1600,5,1075,Manual,Metcolor
849,9950,65,65513,Petrol,110,1,1,1600,4,1070,Auto,Metcolor
850,9950,59,65463,Petrol,110,1,0,1600,5,1070,Manual,Metcolor
851,8100,68,65400,Petrol,86,1,0,1300,4,1000,Manual,Metcolor
852,9250,60,65259,Petrol,110,1,0,1600,3,1050,Manual,Metcolor
853,7800,64,65000,Petrol,110,1,0,1600,3,1050,Manual,Metcolor
854,9000,68,65000,Petrol,110,0,0,1600,5,1070,Manual,NonMetcolor
855,8950,57,65000,Petrol,110,0,0,1600,4,1035,Manual,NonMetcolor
856,8950,62,64966,Petrol,86,0,0,1300,3,1020,Manual,NonMetcolor
857,9950,68,64950,Petrol,110,1,0,1600,5,1075,Manual,Metcolor
858,8500,60,64914,Petrol,110,1,0,1600,5,1070,Manual,Metcolor
859,7995,62,64797,Petrol,110,1,0,1600,5,1075,Manual,Metcolor
860,8750,65,64772,Petrol,110,1,0,1600,3,1050,Manual,Metcolor
861,9750,63,64690,Petrol,86,0,0,1300,3,1020,Manual,NonMetcolor
862,10950,65,64630,Petrol,110,0,0,1600,5,1070,Manual,NonMetcolor
863,9750,67,64613,Petrol,110,1,0,1600,5,1085,Manual,Metcolor
864,8200,60,64383,Petrol,86,0,0,1300,3,1015,Manual,NonMetcolor
865,8950,68,64000,Petrol,110,0,0,1600,5,1075,Manual,NonMetcolor
866,9500,66,63881,Petrol,86,0,0,1300,3,1015,Manual,NonMetcolor
867,10950,58,63870,Diesel,72,0,0,2000,5,1135,Manual,NonMetcolor
868,9750,66,63328,Petrol,86,0,1,1300,5,1065,Auto,NonMetcolor
869,9950,65,63000,Petrol,86,1,1,1300,5,1065,Auto,Metcolor
870,10450,61,63000,Petrol,86,0,1,1300,3,1050,Auto,NonMetcolor
871,9850,65,62396,Petrol,110,0,0,1600,3,1050,Manual,NonMetcolor
872,9450,62,62377,Petrol,110,1,0,1600,5,1075,Manual,Metcolor
873,10295,67,62316,Petrol,110,1,0,1600,3,1050,Manual,Metcolor
874,9750,68,62292,Petrol,110,1,0,1600,3,1065,Manual,Metcolor
875,8950,65,62225,Petrol,110,1,0,1600,3,1050,Manual,Metcolor
876,9900,68,62222,Petrol,110,0,0,1600,5,1075,Manual,NonMetcolor
877,8750,66,62135,Petrol,86,1,0,1300,5,1035,Manual,Metcolor
878,9950,58,62024,Petrol,110,1,0,1600,5,1075,Manual,Metcolor
879,8500,60,61977,Petrol,86,1,0,1300,3,1015,Manual,Metcolor
880,9950,62,61930,Petrol,110,1,0,1600,4,1035,Manual,Metcolor
881,10950,57,61682,Petrol,110,0,0,1600,3,1050,Manual,NonMetcolor
882,9795,68,61568,Petrol,110,1,0,1600,4,1035,Manual,Metcolor
883,8750,68,61504,Petrol,110,1,0,1600,4,1035,Manual,Metcolor
884,8250,65,61384,Petrol,110,1,0,1600,3,1050,Manual,Metcolor
885,9950,58,61343,Petrol,110,1,0,1600,5,1075,Manual,Metcolor
886,9950,62,61254,Petrol,110,0,0,1600,5,1075,Manual,NonMetcolor
887,10500,59,61166,Petrol,110,1,0,1600,3,1050,Manual,Metcolor
888,9750,62,61149,Petrol,86,1,0,1300,5,1040,Manual,Metcolor
889,11250,61,61144,Petrol,110,1,0,1600,5,1090,Manual,Metcolor
890,8900,59,61127,Petrol,110,1,0,1600,3,1050,Manual,Metcolor
891,7950,60,61100,Petrol,86,1,0,1300,3,1015,Manual,Metcolor
892,11500,68,61100,Petrol,110,1,0,1600,5,1075,Manual,Metcolor
893,9450,57,61000,Petrol,110,1,0,1600,3,1050,Manual,Metcolor
894,7995,65,60724,Petrol,86,1,0,1300,3,1015,Manual,Metcolor
895,10995,59,60708,Petrol,86,1,0,1300,5,1045,Manual,Metcolor
896,8950,61,60532,Petrol,110,1,0,1600,3,1050,Manual,Metcolor
897,8250,67,60000,Petrol,86,0,1,1300,4,1030,Auto,NonMetcolor
898,8950,66,60000,Petrol,86,1,0,1300,3,1015,Manual,Metcolor
899,8950,65,60000,Petrol,86,1,0,1300,3,1015,Manual,Metcolor
900,9500,62,59295,Petrol,86,0,0,1300,5,1035,Manual,NonMetcolor
901,7500,65,59264,Petrol,86,0,0,1300,3,1015,Manual,NonMetcolor
902,8950,63,59000,Petrol,110,0,0,1600,3,1050,Manual,NonMetcolor
903,9950,63,59000,Petrol,86,1,0,1300,5,1035,Manual,Metcolor
904,9750,65,59000,Petrol,110,0,0,1600,5,1075,Manual,NonMetcolor
905,9450,61,59000,Petrol,110,1,0,1600,5,1070,Manual,Metcolor
906,9950,65,59000,Petrol,110,0,0,1600,3,1050,Manual,NonMetcolor
907,9750,68,58860,Petrol,110,1,0,1600,3,1055,Manual,Metcolor
908,8950,65,58829,Petrol,110,0,0,1600,3,1050,Manual,NonMetcolor
909,8250,66,58654,Petrol,110,1,0,1600,5,1070,Manual,Metcolor
910,7750,65,58300,Petrol,86,1,0,1300,3,1015,Manual,Metcolor
911,8950,60,58269,Petrol,110,1,0,1600,3,1050,Manual,Metcolor
912,9950,64,58136,Petrol,110,1,0,1600,5,1075,Manual,Metcolor
913,9450,66,58113,Petrol,107,1,1,1600,3,1085,Auto,Metcolor
914,12950,67,58058,Petrol,110,1,0,1600,3,1065,Manual,Metcolor
915,9950,58,58000,Petrol,110,1,0,1600,3,1050,Manual,Metcolor
916,10495,62,58000,Petrol,110,1,0,1600,3,1065,Manual,Metcolor
917,7950,68,57565,Petrol,86,1,0,1300,5,1035,Manual,Metcolor
918,10500,63,57413,Petrol,107,0,1,1600,5,1115,Auto,NonMetcolor
919,8950,65,57374,Petrol,110,1,0,1600,5,1075,Manual,Metcolor
920,9900,62,57179,Petrol,110,1,0,1600,5,1075,Manual,Metcolor
921,9995,61,57169,Petrol,110,1,0,1600,3,1065,Manual,Metcolor
922,9950,63,57124,Petrol,110,1,0,1600,3,1065,Manual,Metcolor
923,9950,63,57000,Petrol,110,1,0,1600,3,1050,Manual,Metcolor
924,8250,67,57000,Petrol,110,0,0,1600,3,1050,Manual,NonMetcolor
925,9950,63,57000,Petrol,86,1,0,1300,5,1035,Manual,Metcolor
926,8950,59,56259,Petrol,86,0,0,1300,3,1015,Manual,NonMetcolor
927,10950,62,56209,Petrol,107,1,1,1600,3,1080,Auto,Metcolor
928,9250,67,56074,Petrol,86,0,0,1300,4,1000,Manual,NonMetcolor
929,9950,63,55942,Petrol,110,1,0,1600,5,1070,Manual,Metcolor
930,9995,57,55844,Petrol,86,1,0,1300,5,1045,Manual,Metcolor
931,8750,61,55747,Petrol,86,0,0,1300,3,1020,Manual,NonMetcolor
932,10950,58,55478,Petrol,86,0,0,1300,5,1045,Manual,NonMetcolor
933,10350,60,55085,Petrol,107,0,1,1600,5,1105,Auto,NonMetcolor
934,9950,65,55061,Petrol,110,1,0,1600,5,1070,Manual,Metcolor
935,8950,65,55000,Petrol,86,1,0,1300,3,1015,Manual,Metcolor
936,10950,57,55000,Petrol,110,0,0,1600,5,1075,Manual,NonMetcolor
937,10950,63,54936,Petrol,110,1,0,1600,5,1075,Manual,Metcolor
938,8950,68,54875,Petrol,110,1,0,1600,5,1070,Manual,Metcolor
939,8900,67,54847,Petrol,110,0,0,1600,3,1050,Manual,NonMetcolor
940,10250,60,54554,Petrol,110,1,0,1600,3,1065,Manual,Metcolor
941,9450,61,54125,Petrol,110,1,0,1600,5,1035,Manual,Metcolor
942,9250,61,54000,Petrol,110,1,0,1600,3,1055,Manual,Metcolor
943,10500,57,54000,Petrol,110,1,0,1600,5,1075,Manual,Metcolor
944,7350,58,54000,Petrol,86,0,0,1300,5,1035,Manual,NonMetcolor
945,10250,57,54000,Petrol,110,1,0,1600,3,1135,Manual,Metcolor
946,10250,62,53285,Petrol,110,1,0,1600,5,1075,Manual,Metcolor
947,11500,65,53053,Petrol,110,1,0,1600,5,1075,Manual,Metcolor
948,8950,68,53000,Petrol,110,1,1,1587,3,1075,Auto,Metcolor
949,7750,68,53000,Petrol,86,0,0,1300,3,1015,Manual,NonMetcolor
950,9500,64,52968,Petrol,110,1,0,1600,3,1050,Manual,Metcolor
951,8450,67,52800,Petrol,86,1,0,1300,3,1015,Manual,Metcolor
952,8950,57,52548,Petrol,110,0,0,1600,3,1050,Manual,NonMetcolor
953,8400,60,52487,Petrol,110,1,0,1600,4,1035,Manual,Metcolor
954,9250,66,52383,Petrol,86,0,0,1300,3,1015,Manual,NonMetcolor
955,8900,61,52112,Petrol,110,1,0,1600,4,1035,Manual,Metcolor
956,8750,58,51712,Petrol,110,0,0,1600,3,1050,Manual,NonMetcolor
957,10950,58,51421,Petrol,110,0,1,1600,5,1105,Auto,NonMetcolor
958,8950,61,51235,Petrol,86,1,0,1300,4,1000,Manual,Metcolor
959,8950,65,51000,Petrol,86,1,0,1300,3,1015,Manual,Metcolor
960,8895,61,50925,Petrol,110,1,0,1600,5,1070,Manual,Metcolor
961,9390,66,50806,Petrol,86,0,0,1300,3,1480,Manual,NonMetcolor
962,8750,59,50469,Petrol,110,1,0,1600,5,1070,Manual,Metcolor
963,9750,61,50173,Petrol,110,1,0,1600,5,1075,Manual,Metcolor
964,9950,62,50000,Petrol,110,1,0,1600,5,1075,Manual,Metcolor
965,10950,65,49942,Petrol,110,0,0,1600,3,1065,Manual,NonMetcolor
966,9900,67,49585,Petrol,110,0,0,1600,5,1085,Manual,NonMetcolor
967,9500,62,49258,Petrol,110,1,0,1600,4,1035,Manual,Metcolor
968,9950,61,49000,Petrol,110,0,0,1600,3,1050,Manual,NonMetcolor
969,9950,63,48738,Petrol,110,0,0,1600,5,1055,Manual,NonMetcolor
970,10500,62,47750,Petrol,86,1,0,1300,5,1040,Manual,Metcolor
971,9950,63,47612,Petrol,86,0,0,1300,3,1015,Manual,NonMetcolor
972,10495,68,47500,Petrol,86,1,0,1300,5,1035,Manual,Metcolor
973,9500,66,47237,Petrol,110,0,0,1600,3,1050,Manual,NonMetcolor
974,8500,58,47171,Petrol,86,1,0,1300,3,1015,Manual,Metcolor
975,10450,60,47060,Petrol,110,0,0,1600,4,1035,Manual,NonMetcolor
976,8950,65,47014,Petrol,86,1,0,1300,3,1015,Manual,Metcolor
977,9900,59,46929,Petrol,86,1,0,1300,3,1025,Manual,Metcolor
978,8900,63,46000,Petrol,86,0,0,1300,5,1035,Manual,NonMetcolor
979,8745,65,45681,Petrol,110,0,0,1600,3,1050,Manual,NonMetcolor
980,8750,65,45549,Petrol,86,1,0,1300,3,1015,Manual,Metcolor
981,10750,57,45000,Petrol,110,1,0,1600,5,1050,Manual,Metcolor
982,9750,57,45000,Petrol,110,1,0,1600,3,1050,Manual,Metcolor
983,8850,65,45000,Petrol,110,0,0,1600,5,1075,Manual,NonMetcolor
984,7950,66,45000,Petrol,86,1,0,1300,5,1035,Manual,Metcolor
985,9450,63,45000,Petrol,110,1,0,1600,4,1035,Manual,Metcolor
986,9950,61,45000,Petrol,107,0,1,1600,3,1085,Auto,NonMetcolor
987,8250,63,44944,Petrol,110,1,0,1600,4,1035,Manual,Metcolor
988,9950,61,44597,Petrol,86,0,0,1300,3,1015,Manual,NonMetcolor
989,9995,68,44458,Petrol,86,0,0,1300,3,1015,Manual,NonMetcolor
990,9950,59,43818,Petrol,110,0,0,1600,5,1070,Manual,NonMetcolor
991,10495,60,43426,Petrol,110,1,0,1600,5,1070,Manual,Metcolor
992,7950,58,43000,CNG,110,1,1,1600,4,1114,Auto,Metcolor
993,8950,68,43000,Petrol,110,1,0,1600,5,1035,Manual,Metcolor
994,9695,57,43000,Petrol,110,0,0,1600,5,1075,Manual,NonMetcolor
995,7750,64,43000,Petrol,86,0,0,1300,3,1015,Manual,NonMetcolor
996,9950,68,42750,Petrol,110,1,0,1600,3,1050,Manual,Metcolor
997,9950,67,42102,Petrol,110,1,0,1600,5,1075,Manual,Metcolor
998,9950,63,41586,Petrol,110,1,0,1600,5,1114,Manual,Metcolor
999,9900,64,41200,Petrol,110,0,0,1600,5,1070,Manual,NonMetcolor
1000,10950,57,40214,Petrol,86,0,0,1300,3,1025,Manual,NonMetcolor
1001,8950,60,40000,Petrol,86,1,0,1300,4,1000,Manual,Metcolor
1002,8950,66,39222,Petrol,86,1,1,1300,3,1045,Auto,Metcolor
1003,8250,66,39144,Petrol,110,1,0,1600,3,1050,Manual,Metcolor
1004,10250,62,39000,Petrol,110,1,0,1600,5,1075,Manual,Metcolor
1005,8750,61,38019,Petrol,110,1,0,1600,5,1070,Manual,Metcolor
1006,9750,68,37759,Petrol,110,1,0,1600,5,1070,Manual,Metcolor
1007,10950,61,37500,Petrol,110,0,0,1600,5,1085,Manual,NonMetcolor
1008,10950,60,37111,Petrol,110,1,0,1600,3,1050,Manual,Metcolor
1009,9750,62,37000,Petrol,86,0,0,1300,3,1015,Manual,NonMetcolor
1010,8900,59,36954,Petrol,110,1,0,1600,3,1050,Manual,Metcolor
1011,9500,60,36943,Petrol,110,0,0,1600,5,1070,Manual,NonMetcolor
1012,9950,63,36923,Petrol,86,0,0,1300,5,1050,Manual,NonMetcolor
1013,9950,66,36658,Petrol,110,0,0,1600,3,1050,Manual,NonMetcolor
1014,8250,65,36000,Petrol,86,1,0,1300,3,1015,Manual,Metcolor
1015,10450,65,36000,Petrol,110,1,0,1600,3,1065,Manual,Metcolor
1016,10950,62,35512,Petrol,110,1,0,1600,3,1065,Manual,Metcolor
1017,9250,65,35283,Petrol,86,1,0,1300,3,1015,Manual,Metcolor
1018,8900,68,35000,Petrol,110,1,0,1600,3,1050,Manual,Metcolor
1019,10900,57,35000,Petrol,86,1,0,1300,5,1045,Manual,Metcolor
1020,9750,64,34114,Petrol,110,0,0,1600,3,1050,Manual,NonMetcolor
1021,11950,58,34000,Petrol,110,0,0,1600,5,1075,Manual,NonMetcolor
1022,7900,68,33847,Petrol,86,1,0,1300,4,1000,Manual,Metcolor
1023,10900,57,33535,Petrol,110,0,0,1600,4,1035,Manual,NonMetcolor
1024,10450,65,33000,Petrol,110,0,0,1600,3,1050,Manual,NonMetcolor
1025,10950,59,32150,Petrol,110,1,0,1600,5,1085,Manual,Metcolor
1026,9950,65,31588,Petrol,86,1,0,1300,3,1015,Manual,Metcolor
1027,10750,60,31480,Petrol,110,1,0,1600,3,1065,Manual,Metcolor
1028,9900,57,31307,Petrol,110,1,0,1600,5,1070,Manual,Metcolor
1029,10750,68,31000,Petrol,110,1,0,1600,4,1035,Manual,Metcolor
1030,10450,58,30634,Petrol,110,1,0,1600,5,1075,Manual,Metcolor
1031,9450,68,30300,Petrol,86,1,0,1300,4,1000,Manual,Metcolor
1032,10750,60,28500,Petrol,86,1,1,1300,3,1045,Auto,Metcolor
1033,10950,60,28500,Petrol,110,0,0,1600,5,1075,Manual,NonMetcolor
1034,10000,57,28000,Petrol,86,0,0,1300,3,1015,Manual,NonMetcolor
1035,10500,68,26698,Petrol,110,0,0,1600,3,1055,Manual,NonMetcolor
1036,12500,62,26000,Petrol,107,0,1,1600,3,1085,Auto,NonMetcolor
1037,8950,62,25505,Petrol,86,1,0,1300,5,1035,Manual,Metcolor
1038,10500,58,25000,Petrol,110,1,0,1600,5,1075,Manual,Metcolor
1039,9245,66,22835,Petrol,110,1,0,1600,3,1050,Manual,Metcolor
1040,10950,59,22705,Petrol,110,1,0,1600,5,1075,Manual,Metcolor
1041,9500,63,22178,Petrol,86,1,0,1300,3,1015,Manual,Metcolor
1042,10900,62,17345,Petrol,110,1,0,1600,3,1050,Manual,Metcolor
1043,10950,67,15535,Petrol,86,1,1,1300,4,1030,Auto,Metcolor
1044,9450,66,15110,Petrol,86,0,0,1300,5,1035,Manual,NonMetcolor
1045,5900,73,232940,Diesel,72,0,0,2000,5,1172,Manual,NonMetcolor
1046,6950,79,218118,Diesel,72,0,0,2000,5,1150,Manual,NonMetcolor
1047,6000,78,217764,Diesel,72,1,0,2000,5,1135,Manual,Metcolor
1048,5250,79,207114,CNG,110,1,0,1600,5,1114,Manual,Metcolor
1049,4400,74,203254,Diesel,72,1,0,2000,3,1135,Manual,Metcolor
1050,6750,77,200732,Diesel,72,1,0,2000,4,1100,Manual,Metcolor
1051,8500,69,197501,Diesel,72,0,0,2000,5,1135,Manual,NonMetcolor
1052,6150,80,194765,Diesel,72,0,0,2000,3,1120,Manual,NonMetcolor
1053,6950,76,191620,Diesel,72,0,0,2000,5,1150,Manual,NonMetcolor
1054,5750,76,183277,Diesel,72,0,0,2000,3,1115,Manual,NonMetcolor
1055,8750,78,180378,Diesel,72,1,0,2000,4,1100,Manual,Metcolor
1056,6500,70,178800,Diesel,72,0,0,2000,3,1115,Manual,NonMetcolor
1057,5950,73,176177,Petrol,110,1,0,1600,5,1075,Manual,Metcolor
1058,6500,78,176000,Petrol,86,0,0,1300,5,1035,Manual,NonMetcolor
1059,10500,77,172980,Diesel,72,1,0,2000,5,1135,Manual,Metcolor
1060,8500,77,170000,Diesel,72,0,0,2000,4,1100,Manual,NonMetcolor
1061,7950,71,164000,Petrol,110,1,0,1600,3,1050,Manual,Metcolor
1062,5800,78,161775,Petrol,86,1,0,1300,3,1015,Manual,Metcolor
1063,6750,80,160000,Petrol,86,0,0,1300,3,1015,Manual,NonMetcolor
1064,6950,78,159968,Diesel,72,0,0,2000,3,1115,Manual,NonMetcolor
1065,5740,74,159908,Petrol,110,0,0,1600,3,1050,Manual,NonMetcolor
1066,6550,73,158492,Petrol,86,0,0,1300,3,1015,Manual,NonMetcolor
1067,8950,69,156204,Diesel,72,1,0,2000,3,1115,Manual,Metcolor
1068,6750,73,156169,Petrol,86,1,0,1300,5,1035,Manual,Metcolor
1069,7950,78,155210,Petrol,110,0,0,1600,3,1050,Manual,NonMetcolor
1070,7950,69,155000,Diesel,72,0,0,2000,3,1115,Manual,NonMetcolor
1071,7450,76,154900,Diesel,72,1,0,2000,5,1140,Manual,Metcolor
1072,7750,70,151300,Diesel,72,1,0,2000,5,1150,Manual,Metcolor
1073,6450,71,151000,CNG,110,1,0,1600,5,1094,Manual,Metcolor
1074,7900,75,150000,Diesel,72,1,0,2000,3,1135,Manual,Metcolor
1075,6900,69,146304,Diesel,72,1,0,2000,3,1115,Manual,Metcolor
1076,5600,75,146197,Petrol,86,0,0,1300,3,1015,Manual,NonMetcolor
1077,5950,77,145996,Petrol,110,0,0,1600,4,1035,Manual,NonMetcolor
1078,6950,80,143560,Petrol,86,1,1,1300,3,1045,Auto,Metcolor
1079,7950,71,139145,Diesel,73,0,0,2000,2,1115,Manual,NonMetcolor
1080,8950,79,138500,Petrol,86,0,0,1300,5,1050,Manual,NonMetcolor
1081,7950,74,137741,Diesel,90,1,0,2000,5,1135,Manual,Metcolor
1082,9500,80,137178,Diesel,90,1,0,2000,5,1135,Manual,Metcolor
1083,8600,76,134889,Diesel,72,1,0,2000,3,1115,Manual,Metcolor
1084,5950,71,134660,Diesel,72,0,0,2000,5,1135,Manual,NonMetcolor
1085,7750,73,134539,Petrol,110,0,0,1600,5,1070,Manual,NonMetcolor
1086,7950,79,131500,Diesel,72,0,0,2000,5,1140,Manual,NonMetcolor
1087,6950,77,131307,Petrol,110,1,0,1600,3,1050,Manual,Metcolor
1088,7250,74,130025,Petrol,110,1,0,1600,3,1050,Manual,Metcolor
1089,6500,78,130000,Petrol,86,0,0,1300,5,1015,Manual,NonMetcolor
1090,7250,77,128960,Petrol,110,1,0,1600,5,1070,Manual,Metcolor
1091,9250,80,128351,Petrol,110,1,0,1600,5,1070,Manual,Metcolor
1092,8250,73,128006,Petrol,110,1,0,1600,3,1050,Manual,Metcolor
1093,7250,71,127159,Diesel,72,1,0,2000,3,1115,Manual,Metcolor
1094,5250,72,126478,Petrol,110,1,0,1600,4,1035,Manual,Metcolor
1095,7900,77,126000,Petrol,110,1,0,1600,5,1050,Manual,Metcolor
1096,6900,76,125778,Petrol,110,0,0,1600,3,1050,Manual,NonMetcolor
1097,7900,75,125400,Petrol,110,0,0,1600,3,1050,Manual,NonMetcolor
1098,7250,74,124910,Diesel,72,0,0,2000,5,1135,Manual,NonMetcolor
1099,8450,70,124743,Petrol,110,1,0,1600,3,1050,Manual,Metcolor
1100,7950,76,124591,Petrol,110,1,0,1600,5,1075,Manual,Metcolor
1101,7950,74,124057,Petrol,110,1,0,1600,3,1050,Manual,Metcolor
1102,6450,72,123403,Petrol,110,1,0,1600,3,1050,Manual,Metcolor
1103,6650,75,123104,Petrol,110,1,0,1600,5,1070,Manual,Metcolor
1104,7950,74,123077,Petrol,86,1,0,1300,3,1015,Manual,Metcolor
1105,7250,80,122820,Petrol,86,0,0,1300,5,1040,Manual,NonMetcolor
1106,7450,77,122290,Petrol,110,0,0,1600,3,1050,Manual,NonMetcolor
1107,7950,74,121900,Petrol,110,1,0,1600,4,1035,Manual,Metcolor
1108,7250,77,121545,Petrol,110,1,0,1600,5,1070,Manual,Metcolor
1109,8250,71,120474,Diesel,72,1,0,2000,3,1115,Manual,Metcolor
1110,8950,76,120263,Diesel,72,1,0,2000,5,1135,Manual,Metcolor
1111,7750,74,120196,Petrol,110,1,0,1600,3,1050,Manual,Metcolor
1112,8500,71,120000,Petrol,110,0,0,1600,5,1085,Manual,NonMetcolor
1113,7750,78,120000,Petrol,110,0,0,1600,5,1075,Manual,NonMetcolor
1114,5750,73,115877,Petrol,110,0,0,1600,4,1035,Manual,NonMetcolor
1115,6900,76,115345,Petrol,110,1,0,1600,5,1070,Manual,Metcolor
1116,6500,71,115157,Petrol,110,1,0,1600,3,1050,Manual,Metcolor
1117,6500,78,115000,Petrol,107,1,1,1600,5,1100,Auto,Metcolor
1118,7600,77,114258,Petrol,86,1,0,1300,5,1050,Manual,Metcolor
1119,8950,73,112963,Diesel,72,1,0,2000,5,1135,Manual,Metcolor
1120,7450,74,112307,Petrol,110,1,0,1600,5,1070,Manual,Metcolor
1121,7350,72,112000,Petrol,86,1,0,1300,3,1015,Manual,Metcolor
1122,7750,73,111602,Petrol,86,1,0,1300,3,1015,Manual,Metcolor
1123,7460,80,111392,CNG,110,0,0,1598,3,1083,Manual,NonMetcolor
1124,9250,76,110901,Petrol,110,1,0,1600,5,1085,Manual,Metcolor
1125,7250,80,110887,Petrol,110,1,0,1600,3,1055,Manual,Metcolor
1126,6500,72,110634,Petrol,86,1,0,1300,3,1015,Manual,Metcolor
1127,6800,80,110000,Petrol,110,1,0,1600,4,1035,Manual,Metcolor
1128,8700,75,109540,Petrol,110,0,0,1600,5,1085,Manual,NonMetcolor
1129,7500,78,109263,Petrol,110,0,0,1600,5,1070,Manual,NonMetcolor
1130,7750,71,107516,Petrol,110,1,0,1600,3,1050,Manual,Metcolor
1131,7950,73,107108,Petrol,110,1,0,1600,3,1050,Manual,Metcolor
1132,9950,75,107000,Petrol,110,1,0,1600,3,1050,Manual,Metcolor
1133,6640,74,106250,Petrol,110,0,0,1600,5,1070,Manual,NonMetcolor
1134,8750,71,106150,Petrol,86,0,0,1300,3,1015,Manual,NonMetcolor
1135,7750,72,106108,Petrol,110,1,0,1600,3,1050,Manual,Metcolor
1136,5950,72,105856,Petrol,86,0,0,1300,3,1015,Manual,NonMetcolor
1137,6750,77,105152,Petrol,86,0,0,1300,3,1015,Manual,NonMetcolor
1138,6500,80,105135,Petrol,110,1,0,1600,3,1050,Manual,Metcolor
1139,8750,76,104344,Petrol,110,1,0,1600,3,1050,Manual,Metcolor
1140,7950,74,104150,Petrol,110,1,0,1600,3,1050,Manual,Metcolor
1141,6750,74,104000,Petrol,86,1,0,1300,3,1010,Manual,Metcolor
1142,7950,73,103121,Petrol,86,1,0,1300,5,1035,Manual,Metcolor
1143,7950,80,102300,Petrol,86,1,0,1300,3,1015,Manual,Metcolor
1144,8950,75,102005,Petrol,107,1,1,1600,5,1105,Auto,Metcolor
1145,7750,77,102000,Petrol,86,1,0,1300,3,1015,Manual,Metcolor
1146,6450,75,101855,Petrol,110,1,0,1600,5,1070,Manual,Metcolor
1147,6900,74,101773,Petrol,110,0,0,1600,3,1050,Manual,NonMetcolor
1148,8450,75,101159,Petrol,110,1,0,1600,5,1085,Manual,Metcolor
1149,6750,74,101000,Petrol,86,0,0,1300,3,1015,Manual,NonMetcolor
1150,8050,74,100732,Petrol,86,1,1,1300,4,1030,Auto,Metcolor
1151,9500,79,100719,Petrol,110,0,0,1600,5,1070,Manual,NonMetcolor
1152,7750,78,100487,Petrol,110,0,0,1600,4,1035,Manual,NonMetcolor
1153,8500,80,100458,Petrol,110,0,0,1600,5,1085,Manual,NonMetcolor
1154,7795,75,100192,Petrol,110,1,0,1600,3,1050,Manual,Metcolor
1155,6490,80,100123,Petrol,110,1,0,1600,3,1050,Manual,Metcolor
1156,7950,73,99971,Petrol,110,1,0,1600,3,1050,Manual,Metcolor
1157,6425,79,99397,Petrol,86,0,0,1300,5,1035,Manual,NonMetcolor
1158,8950,69,99374,Petrol,86,1,0,1300,5,1035,Manual,Metcolor
1159,6950,72,99245,Petrol,110,1,0,1600,5,1114,Manual,Metcolor
1160,8750,79,98742,Petrol,110,0,0,1600,5,1085,Manual,NonMetcolor
1161,8450,71,98154,Petrol,110,1,0,1600,3,1050,Manual,Metcolor
1162,7950,77,98000,Petrol,110,1,0,1600,5,1065,Manual,Metcolor
1163,7950,80,97548,Petrol,86,0,0,1300,5,1035,Manual,NonMetcolor
1164,8900,78,97534,Petrol,110,1,0,1600,5,1070,Manual,Metcolor
1165,8950,73,97494,Petrol,110,1,0,1600,5,1085,Manual,Metcolor
1166,8900,73,97085,Petrol,110,1,0,1600,5,1085,Manual,Metcolor
1167,7950,69,97000,Petrol,110,0,0,1600,4,1035,Manual,NonMetcolor
1168,6495,74,96302,Petrol,86,1,0,1300,3,1015,Manual,Metcolor
1169,7250,78,96000,Petrol,86,1,0,1300,3,1015,Manual,Metcolor
1170,9250,74,96000,Petrol,110,1,0,1600,5,1085,Manual,Metcolor
1171,6650,78,95909,Petrol,110,1,0,1600,5,1070,Manual,Metcolor
1172,6990,79,95700,Petrol,110,0,0,1600,5,1085,Manual,NonMetcolor
1173,7750,78,95651,Petrol,110,1,0,1600,5,1070,Manual,Metcolor
1174,6950,79,95000,Petrol,86,1,0,1300,5,1035,Manual,Metcolor
1175,7250,80,94447,Petrol,110,0,0,1600,3,1050,Manual,NonMetcolor
1176,9950,80,94079,Petrol,110,1,0,1600,5,1085,Manual,Metcolor
1177,9250,80,93841,Petrol,110,0,0,1600,5,1070,Manual,NonMetcolor
1178,7200,79,93090,Petrol,86,1,0,1300,5,1035,Manual,Metcolor
1179,8250,72,93066,Petrol,110,1,0,1600,5,1075,Manual,Metcolor
1180,8950,79,93039,Petrol,110,1,0,1600,3,1050,Manual,Metcolor
1181,8250,77,93000,Petrol,110,1,0,1600,5,1075,Manual,Metcolor
1182,6250,80,92830,Petrol,86,1,0,1300,3,1015,Manual,Metcolor
1183,9900,80,92255,Petrol,107,0,1,1600,5,1105,Auto,NonMetcolor
1184,7300,80,92096,Petrol,86,1,0,1300,5,1035,Manual,Metcolor
1185,8950,72,91921,Petrol,86,1,0,1300,3,1020,Manual,Metcolor
1186,6500,70,91900,Petrol,86,1,0,1300,3,1015,Manual,Metcolor
1187,7950,78,91399,Petrol,110,1,0,1600,5,1070,Manual,Metcolor
1188,7450,75,91082,Petrol,110,1,0,1600,3,1050,Manual,Metcolor
1189,7950,71,90370,Petrol,86,1,0,1300,5,1035,Manual,Metcolor
1190,8500,78,90345,Petrol,86,1,0,1300,5,1035,Manual,Metcolor
1191,6950,77,90305,Petrol,86,1,0,1300,3,1015,Manual,Metcolor
1192,7950,78,90011,Petrol,86,0,1,1300,3,1045,Auto,NonMetcolor
1193,6750,77,90000,Petrol,86,1,0,1300,3,1015,Manual,Metcolor
1194,8450,70,89983,Petrol,110,0,0,1600,3,1055,Manual,NonMetcolor
1195,7500,78,89953,Petrol,110,0,0,1600,5,1114,Manual,NonMetcolor
1196,8750,74,89800,Diesel,72,1,0,2000,3,1115,Manual,Metcolor
1197,8750,79,89739,Petrol,86,1,0,1300,5,1035,Manual,Metcolor
1198,8950,76,89520,Petrol,110,1,0,1600,3,1050,Manual,Metcolor
1199,7450,75,89507,Petrol,86,0,0,1300,3,1015,Manual,NonMetcolor
1200,9200,69,89096,Petrol,110,1,0,1600,5,1085,Manual,Metcolor
1201,8950,74,88700,Petrol,110,1,0,1600,3,1050,Manual,Metcolor
1202,7850,72,88500,Petrol,110,1,0,1600,5,1075,Manual,Metcolor
1203,6950,73,88186,Diesel,72,1,0,2000,3,1115,Manual,Metcolor
1204,7200,75,88000,Petrol,110,1,0,1600,3,1050,Manual,Metcolor
1205,7450,78,87743,Petrol,110,0,0,1600,3,1055,Manual,NonMetcolor
1206,6750,75,87613,Petrol,86,0,0,1300,3,1015,Manual,NonMetcolor
1207,7500,73,87358,Petrol,110,1,0,1600,3,1050,Manual,Metcolor
1208,7450,72,87083,Petrol,110,0,0,1600,4,1035,Manual,NonMetcolor
1209,7950,70,87000,Petrol,110,1,0,1600,4,1035,Manual,Metcolor
1210,7250,78,87000,Petrol,110,1,0,1600,4,1035,Manual,Metcolor
1211,7950,73,87000,Petrol,86,1,0,1300,3,1015,Manual,Metcolor
1212,8250,80,87000,Petrol,86,1,0,1300,3,1015,Manual,Metcolor
1213,8250,72,86860,Petrol,110,0,0,1600,5,1075,Manual,NonMetcolor
1214,6750,80,86109,Petrol,110,1,0,1600,3,1055,Manual,Metcolor
1215,8750,79,86000,Petrol,86,1,0,1300,5,1040,Manual,Metcolor
1216,8950,80,86000,Petrol,110,0,0,1600,3,1050,Manual,NonMetcolor
1217,8500,70,85864,Diesel,72,1,0,2000,5,1135,Manual,Metcolor
1218,8250,80,85565,Petrol,110,0,0,1600,5,1070,Manual,NonMetcolor
1219,9450,70,85470,Petrol,107,0,1,1600,3,1080,Auto,NonMetcolor
1220,7950,73,85200,Petrol,110,1,0,1600,3,1050,Manual,Metcolor
1221,7900,70,85000,Petrol,110,1,0,1600,3,1055,Manual,Metcolor
1222,8500,73,84988,Petrol,110,1,0,1600,3,1050,Manual,Metcolor
1223,8250,79,84966,Petrol,110,0,0,1600,5,1070,Manual,NonMetcolor
1224,8250,76,84472,Petrol,110,1,0,1600,5,1070,Manual,Metcolor
1225,8950,73,84402,Petrol,110,1,0,1600,4,1035,Manual,Metcolor
1226,7950,74,84123,Petrol,110,0,0,1600,3,1050,Manual,NonMetcolor
1227,6950,80,84000,Petrol,110,0,0,1600,5,1075,Manual,NonMetcolor
1228,7250,78,84000,Petrol,110,1,0,1600,5,1065,Manual,Metcolor
1229,7750,77,84000,Petrol,110,1,0,1600,5,1085,Manual,Metcolor
1230,8700,75,83850,Petrol,110,1,0,1600,3,1055,Manual,Metcolor
1231,8950,80,83540,Petrol,110,1,0,1600,5,1070,Manual,Metcolor
1232,6750,76,83405,Petrol,110,1,0,1600,5,1070,Manual,Metcolor
1233,7500,71,83291,Petrol,110,1,0,1600,5,1070,Manual,Metcolor
1234,7950,69,83133,Petrol,86,0,0,1300,3,1015,Manual,NonMetcolor
1235,8950,71,83047,Petrol,86,1,1,1300,3,1045,Auto,Metcolor
1236,7950,71,82700,Petrol,110,0,0,1600,3,1050,Manual,NonMetcolor
1237,7450,78,82675,Petrol,86,0,0,1300,3,1015,Manual,NonMetcolor
1238,5950,78,82595,Petrol,86,1,0,1300,3,1015,Manual,Metcolor
1239,7750,75,82256,Petrol,110,1,0,1600,3,1050,Manual,Metcolor
1240,6950,77,82103,Petrol,86,1,0,1300,3,1015,Manual,Metcolor
1241,8750,80,82021,Petrol,86,1,0,1300,5,1035,Manual,Metcolor
1242,8950,71,82000,Petrol,110,1,0,1600,5,1075,Manual,Metcolor
1243,7495,79,81988,Petrol,110,1,0,1600,5,1070,Manual,Metcolor
1244,7750,76,81930,Petrol,110,0,0,1600,5,1070,Manual,NonMetcolor
1245,6950,70,81663,Petrol,110,0,0,1600,3,1050,Manual,NonMetcolor
1246,7990,77,80486,Petrol,110,1,0,1600,5,1070,Manual,Metcolor
1247,7250,78,80000,Petrol,110,1,0,1600,4,1065,Manual,Metcolor
1248,6900,69,79000,Petrol,86,0,0,1300,3,1015,Manual,NonMetcolor
1249,7750,74,78894,Petrol,110,0,0,1600,5,1070,Manual,NonMetcolor
1250,7250,78,78689,Petrol,110,0,0,1600,4,1035,Manual,NonMetcolor
1251,8950,77,78435,Petrol,86,0,0,1300,3,1015,Manual,NonMetcolor
1252,8500,71,78260,Petrol,110,0,0,1600,3,1050,Manual,NonMetcolor
1253,7950,72,78120,Petrol,110,1,0,1600,5,1075,Manual,Metcolor
1254,6950,77,77000,Petrol,86,0,0,1300,3,1015,Manual,NonMetcolor
1255,8000,78,77000,Petrol,110,0,0,1600,3,1050,Manual,NonMetcolor
1256,7950,75,76382,Petrol,110,1,0,1600,3,1055,Manual,Metcolor
1257,8500,76,76268,Petrol,86,1,0,1300,3,1015,Manual,Metcolor
1258,7490,73,76151,Petrol,86,1,0,1300,3,1015,Manual,Metcolor
1259,8250,80,76000,Petrol,110,0,0,1600,3,1050,Manual,NonMetcolor
1260,9250,71,76000,Petrol,110,1,0,1600,5,1070,Manual,Metcolor
1261,7950,72,75840,Petrol,86,0,0,1300,5,1035,Manual,NonMetcolor
1262,9500,77,75799,Petrol,110,1,0,1600,3,1050,Manual,Metcolor
1263,8950,72,75525,Petrol,110,1,0,1600,3,1114,Manual,Metcolor
1264,8450,78,75323,Petrol,86,1,0,1300,5,1050,Manual,Metcolor
1265,7995,79,75322,Petrol,110,1,0,1600,4,1115,Manual,Metcolor
1266,8750,78,75226,Petrol,110,0,0,1600,4,1035,Manual,NonMetcolor
1267,5950,71,75085,Petrol,86,0,0,1300,5,1035,Manual,NonMetcolor
1268,8500,73,75000,Petrol,110,0,0,1600,5,1075,Manual,NonMetcolor
1269,8950,69,75000,Petrol,86,1,0,1300,4,1000,Manual,Metcolor
1270,8750,69,75000,Petrol,86,1,0,1300,4,1000,Manual,Metcolor
1271,7600,78,74926,Petrol,110,1,0,1600,5,1075,Manual,Metcolor
1272,7145,80,74785,Petrol,110,1,0,1600,5,1070,Manual,Metcolor
1273,8450,69,74573,Petrol,110,1,0,1600,5,1085,Manual,Metcolor
1274,5950,75,74567,Petrol,86,1,0,1300,3,1015,Manual,Metcolor
1275,9000,80,74196,Petrol,110,0,0,1600,5,1075,Manual,NonMetcolor
1276,7250,80,74151,Petrol,110,1,0,1600,3,1050,Manual,Metcolor
1277,7400,75,74096,Petrol,110,1,0,1600,3,1050,Manual,Metcolor
1278,8800,79,74093,Petrol,110,1,0,1600,5,1075,Manual,Metcolor
1279,7750,71,74000,Petrol,110,0,0,1600,3,1050,Manual,NonMetcolor
1280,7500,75,74000,Petrol,86,1,0,1300,3,1015,Manual,Metcolor
1281,8450,78,73638,Petrol,86,1,1,1300,4,1015,Auto,Metcolor
1282,7400,75,73460,Petrol,110,1,0,1600,5,1070,Manual,Metcolor
1283,7500,80,73200,Petrol,110,1,0,1600,5,1070,Manual,Metcolor
1284,8950,76,73116,Petrol,110,1,0,1600,5,1075,Manual,Metcolor
1285,8950,70,73014,Petrol,110,1,0,1600,5,1075,Manual,Metcolor
1286,7950,77,72703,Petrol,110,1,0,1600,3,1050,Manual,Metcolor
1287,7950,79,72328,Petrol,110,1,0,1600,5,1075,Manual,Metcolor
1288,7950,78,72222,Petrol,110,1,0,1600,5,1070,Manual,Metcolor
1289,8950,71,72128,Petrol,107,1,1,1600,5,1100,Auto,Metcolor
1290,7750,78,72090,Petrol,110,1,0,1600,5,1070,Manual,Metcolor
1291,8250,78,72000,Petrol,110,1,0,1600,4,1035,Manual,Metcolor
1292,7950,78,72000,Petrol,110,0,0,1600,3,1055,Manual,NonMetcolor
1293,7750,77,71900,Petrol,86,1,0,1300,3,1015,Manual,Metcolor
1294,8500,77,71825,Petrol,110,0,0,1600,5,1075,Manual,NonMetcolor
1295,6950,80,71740,Petrol,110,1,0,1600,5,1070,Manual,Metcolor
1296,7500,80,71500,Petrol,110,1,0,1600,4,1035,Manual,Metcolor
1297,7750,79,71359,Petrol,110,1,0,1600,3,1050,Manual,Metcolor
1298,5950,79,71263,Petrol,86,0,0,1300,3,1015,Manual,NonMetcolor
1299,7500,78,71186,Petrol,110,0,0,1600,3,1050,Manual,NonMetcolor
1300,8950,72,71054,Petrol,86,0,1,1300,3,1045,Auto,NonMetcolor
1301,7950,76,71000,Petrol,110,1,0,1600,3,1050,Manual,Metcolor
1302,6900,80,70939,Petrol,110,1,1,1600,5,1100,Auto,Metcolor
1303,7450,77,70932,Petrol,110,1,0,1600,3,1050,Manual,Metcolor
1304,8500,80,70597,Petrol,107,1,1,1600,3,1080,Auto,Metcolor
1305,7500,73,70482,Petrol,110,1,0,1600,5,1075,Manual,Metcolor
1306,8750,77,70124,Petrol,110,1,0,1600,3,1050,Manual,Metcolor
1307,7500,76,70039,Petrol,110,1,0,1600,3,1050,Manual,Metcolor
1308,9950,80,69904,Petrol,110,0,0,1600,5,1070,Manual,NonMetcolor
1309,7950,75,69388,Petrol,86,0,0,1300,3,1010,Manual,NonMetcolor
1310,9950,75,69320,Petrol,110,1,0,1600,5,1070,Manual,Metcolor
1311,9250,78,69000,Petrol,110,1,0,1600,5,1075,Manual,Metcolor
1312,9250,73,68988,Petrol,86,1,0,1300,5,1035,Manual,Metcolor
1313,9950,79,68945,Petrol,110,1,0,1600,5,1085,Manual,Metcolor
1314,5950,74,68285,Petrol,110,1,0,1600,3,1050,Manual,Metcolor
1315,7995,76,68000,Petrol,110,1,0,1600,5,1075,Manual,Metcolor
1316,8950,70,68000,Petrol,86,1,1,1300,3,1045,Auto,Metcolor
1317,7450,75,67451,Petrol,86,1,0,1300,4,1000,Manual,Metcolor
1318,8250,76,67266,Petrol,86,1,0,1300,5,1035,Manual,Metcolor
1319,8500,78,67255,Petrol,110,0,0,1600,5,1085,Manual,NonMetcolor
1320,8500,70,67100,Petrol,110,1,0,1600,5,1075,Manual,Metcolor
1321,9400,69,67092,Diesel,72,1,0,2000,3,1115,Manual,Metcolor
1322,7250,80,66880,Petrol,110,1,0,1600,3,1055,Manual,Metcolor
1323,8950,79,66855,Petrol,110,1,0,1600,5,1075,Manual,Metcolor
1324,9450,80,66843,Petrol,110,1,0,1600,5,1075,Manual,Metcolor
1325,8500,74,66718,Petrol,110,1,0,1600,3,1050,Manual,Metcolor
1326,6750,80,66168,Petrol,86,1,0,1300,3,1015,Manual,Metcolor
1327,7400,80,65950,Petrol,110,0,0,1600,5,1070,Manual,NonMetcolor
1328,8950,78,65500,Petrol,86,1,0,1300,3,1015,Manual,Metcolor
1329,6900,80,65307,Petrol,110,1,0,1600,3,1055,Manual,Metcolor
1330,7750,79,65254,Petrol,86,1,0,1300,3,1015,Manual,Metcolor
1331,8950,71,65021,Diesel,72,1,0,2000,3,1115,Manual,Metcolor
1332,6950,75,65006,Petrol,86,1,0,1300,3,1015,Manual,Metcolor
1333,8495,77,64280,Petrol,110,0,0,1600,4,1035,Manual,NonMetcolor
1334,10000,75,64000,Petrol,107,0,1,1600,3,1085,Auto,NonMetcolor
1335,6999,71,64000,Petrol,110,1,0,1600,5,1070,Manual,Metcolor
1336,8950,80,64000,Petrol,110,0,0,1600,3,1055,Manual,NonMetcolor
1337,8500,79,63918,Petrol,110,0,0,1600,4,1035,Manual,NonMetcolor
1338,8750,75,63634,Petrol,110,1,0,1600,4,1035,Manual,Metcolor
1339,7499,80,63500,Petrol,110,1,0,1600,3,1050,Manual,Metcolor
1340,9000,80,63266,Petrol,110,1,0,1600,4,1035,Manual,Metcolor
1341,8950,77,62595,Petrol,110,1,0,1600,3,1050,Manual,Metcolor
1342,6950,80,62581,Petrol,110,0,0,1600,5,1075,Manual,NonMetcolor
1343,8500,77,62285,Petrol,110,1,0,1600,5,1075,Manual,Metcolor
1344,8450,77,61906,Petrol,86,1,1,1300,5,1065,Auto,Metcolor
1345,8950,74,61700,Petrol,110,0,0,1600,5,1070,Manual,NonMetcolor
1346,8250,77,61648,Petrol,110,1,0,1600,5,1070,Manual,Metcolor
1347,7950,75,61626,Petrol,86,0,0,1300,5,1035,Manual,NonMetcolor
1348,7450,70,61510,Petrol,110,0,0,1600,4,1035,Manual,NonMetcolor
1349,9000,79,61165,Petrol,107,1,1,1600,3,1080,Auto,Metcolor
1350,7150,70,61000,Petrol,110,1,0,1600,4,1035,Manual,Metcolor
1351,7750,76,60833,Petrol,110,1,0,1600,4,1035,Manual,Metcolor
1352,5845,70,60600,Petrol,86,0,0,1300,3,1060,Manual,NonMetcolor
1353,8500,72,60483,Petrol,110,1,0,1600,5,1075,Manual,Metcolor
1354,8250,80,60476,Petrol,110,1,0,1600,5,1114,Manual,Metcolor
1355,9450,79,60142,Petrol,110,0,0,1600,3,1050,Manual,NonMetcolor
1356,6750,69,60050,Petrol,110,1,0,1600,3,1050,Manual,Metcolor
1357,8400,77,60000,Petrol,110,1,0,1600,3,1050,Manual,Metcolor
1358,7900,76,60000,Petrol,110,0,0,1600,3,1050,Manual,NonMetcolor
1359,7950,76,59815,Petrol,110,1,0,1587,3,1055,Manual,Metcolor
1360,8750,80,59326,Petrol,110,1,0,1600,5,1085,Manual,Metcolor
1361,9900,73,59240,Petrol,110,1,0,1600,3,1050,Manual,Metcolor
1362,6495,71,59164,Petrol,110,0,0,1600,4,1035,Manual,NonMetcolor
1363,8250,70,59017,Petrol,107,1,1,1600,3,1080,Auto,Metcolor
1364,6900,69,58952,Petrol,110,1,0,1600,3,1050,Manual,Metcolor
1365,7500,74,58454,Petrol,86,1,0,1300,3,1015,Manual,Metcolor
1366,7950,75,58341,Petrol,86,1,1,1300,4,1030,Auto,Metcolor
1367,8250,80,58267,Petrol,110,1,0,1600,5,1070,Manual,Metcolor
1368,8950,80,58000,Petrol,110,0,0,1600,3,1055,Manual,NonMetcolor
1369,9750,70,57829,Petrol,110,0,0,1600,3,1050,Manual,NonMetcolor
1370,8250,80,57787,Petrol,86,0,0,1300,3,1015,Manual,NonMetcolor
1371,8900,78,57628,Petrol,110,0,0,1600,5,1075,Manual,NonMetcolor
1372,8950,75,57537,Petrol,86,1,0,1300,5,1050,Manual,Metcolor
1373,6750,76,57263,Petrol,110,1,0,1600,3,1050,Manual,Metcolor
1374,7950,75,57144,Petrol,110,1,0,1600,5,1070,Manual,Metcolor
1375,8600,69,57096,Petrol,86,1,0,1300,3,1025,Manual,Metcolor
1376,7750,80,57000,Petrol,86,0,0,1300,4,1000,Manual,NonMetcolor
1377,7800,73,56566,Petrol,110,1,0,1600,3,1050,Manual,Metcolor
1378,8750,73,56307,Petrol,110,1,0,1600,3,1050,Manual,Metcolor
1379,9500,79,56214,Petrol,86,0,0,1300,3,1015,Manual,NonMetcolor
1380,7750,74,56132,Petrol,110,0,0,1600,4,1035,Manual,NonMetcolor
1381,9950,79,55425,Petrol,110,0,0,1600,5,1075,Manual,NonMetcolor
1382,7750,77,54439,Petrol,86,1,0,1300,3,1015,Manual,Metcolor
1383,5950,69,53809,Petrol,110,1,0,1600,3,1050,Manual,Metcolor
1384,10950,76,53133,Petrol,110,1,0,1600,5,1070,Manual,Metcolor
1385,9450,77,52900,Petrol,110,1,0,1600,4,1075,Manual,Metcolor
1386,8250,80,52700,Petrol,110,0,0,1600,3,1050,Manual,NonMetcolor
1387,9750,69,52320,Petrol,110,0,0,1600,5,1070,Manual,NonMetcolor
1388,7450,78,52287,Petrol,110,0,0,1600,5,1114,Manual,NonMetcolor
1389,8750,75,52000,Petrol,110,0,0,1600,5,1075,Manual,NonMetcolor
1390,8750,69,52000,Petrol,110,1,0,1600,3,1050,Manual,Metcolor
1391,8500,73,52000,Petrol,110,1,1,1600,4,1065,Auto,Metcolor
1392,8950,70,51874,Petrol,86,0,0,1300,4,1000,Manual,NonMetcolor
1393,7500,79,49827,Petrol,86,1,0,1300,5,1035,Manual,Metcolor
1394,7250,69,49640,Petrol,110,1,0,1600,4,1035,Manual,Metcolor
1395,7450,80,49580,Petrol,110,1,0,1600,4,1035,Manual,Metcolor
1396,8750,76,49170,Petrol,86,0,0,1300,3,1045,Manual,NonMetcolor
1397,9800,77,48838,Petrol,110,0,0,1600,3,1055,Manual,NonMetcolor
1398,7500,71,48576,Petrol,86,1,0,1300,3,1015,Manual,Metcolor
1399,8950,75,48400,Petrol,110,1,0,1600,5,1075,Manual,Metcolor
1400,8950,74,48242,Petrol,86,1,0,1300,5,1035,Manual,Metcolor
1401,7450,70,47955,Petrol,110,1,0,1600,5,1070,Manual,Metcolor
1402,8950,71,47633,Petrol,110,1,0,1600,5,1075,Manual,Metcolor
1403,10500,78,47400,Petrol,86,1,0,1300,5,1040,Manual,Metcolor
1404,7000,73,47360,Petrol,86,0,0,1300,3,1010,Manual,NonMetcolor
1405,8500,77,45507,Petrol,110,1,0,1600,3,1050,Manual,Metcolor
1406,7750,76,45410,Petrol,86,1,0,1300,5,1035,Manual,Metcolor
1407,8950,70,44850,Petrol,110,1,0,1600,3,1050,Manual,Metcolor
1408,8250,69,44826,Petrol,110,0,0,1600,5,1075,Manual,NonMetcolor
1409,9250,80,44444,Petrol,110,1,0,1600,3,1050,Manual,Metcolor
1410,7900,75,43720,Petrol,110,1,0,1600,5,1070,Manual,Metcolor
1411,8500,78,43622,Petrol,86,1,0,1300,4,1000,Manual,Metcolor
1412,7950,76,43532,Petrol,110,0,0,1600,5,1070,Manual,NonMetcolor
1413,9950,69,42800,Petrol,110,1,0,1600,3,1050,Manual,Metcolor
1414,8750,74,42317,Petrol,107,1,1,1600,5,1100,Auto,Metcolor
1415,7500,80,42186,Petrol,110,1,0,1600,3,1050,Manual,Metcolor
1416,6950,72,42000,Petrol,110,1,0,1600,3,1050,Manual,Metcolor
1417,8950,79,40093,Petrol,110,0,0,1600,5,1114,Manual,NonMetcolor
1418,8750,79,39800,Petrol,107,0,1,1600,3,1080,Auto,NonMetcolor
1419,7750,73,39168,Petrol,86,0,0,1300,3,1015,Manual,NonMetcolor
1420,8450,75,38945,Petrol,110,1,0,1600,3,1050,Manual,Metcolor
1421,8150,76,36537,Petrol,110,0,1,1600,4,1075,Auto,NonMetcolor
1422,8500,78,36000,Petrol,86,0,1,1300,3,1045,Auto,NonMetcolor
1423,7600,78,36000,Petrol,110,1,0,1600,3,1050,Manual,Metcolor
1424,7950,80,35821,Petrol,86,0,1,1300,3,1015,Auto,NonMetcolor
1425,7750,73,34717,Petrol,86,0,0,1300,3,1015,Manual,NonMetcolor
1426,7950,80,34000,Petrol,86,1,0,1300,4,1000,Manual,Metcolor
1427,9950,78,30964,Petrol,110,0,1,1600,3,1080,Auto,NonMetcolor
1428,8950,71,29000,Petrol,86,1,1,1300,3,1045,Auto,Metcolor
1429,8450,72,26000,Petrol,86,0,0,1300,3,1015,Manual,NonMetcolor
1430,8950,78,24000,Petrol,86,1,1,1300,5,1065,Auto,Metcolor
1431,8450,80,23000,Petrol,86,0,0,1300,3,1015,Manual,NonMetcolor
1432,7500,69,20544,Petrol,86,1,0,1300,3,1025,Manual,Metcolor
1433,10845,72,19000,Petrol,86,0,0,1300,3,1015,Manual,NonMetcolor
1434,8500,71,17016,Petrol,86,0,0,1300,3,1015,Manual,NonMetcolor
1435,7250,70,16916,Petrol,86,1,0,1300,3,1015,Manual,Metcolor
1436,6950,76,1,Petrol,110,0,0,1600,5,1114,Manual,NonMetcolor